Clip_ID,Frame_Index,X,Y,Confidence
0,0,0,0,-3
0,1,0,0,-3
0,2,0,0,-3
0,3,0,0,-3
0,4,0,0,-3
0,5,0,0,-3
0,6,0,0,-3
0,7,0,0,-3
0,8,0,0,-3
0,9,0,0,-3
0,10,0,0,-3
0,11,0,0,-3
0,12,0,0,-3
0,13,0,0,-3
0,14,0,0,-3
0,15,0,0,-3
0,16,0,0,-3
0,17,0,0,-3
0,18,0,0,-3
0,19,0,0,-3
0,20,0,0,-3
0,21,0,0,-3
0,22,0,0,-3
0,23,0,0,-3
0,24,0,0,-3
0,25,0,0,-3
0,26,0,0,-3
0,27,0,0,-3
0,28,0,0,-3
0,29,0,0,-3
1,30,110,559,0.8193017840385437
1,31,133,527,0.8772473931312561
1,32,153,522,0.8917616009712219
1,33,172,531,0.9135891795158386
1,34,186,533,0.9132540225982666
1,35,197,534,0.9102786183357239
1,36,206,534,0.9073408842086792
1,37,215,534,0.9291961193084717
1,38,224,534,0.9184605479240417
1,39,239,534,0.9258950352668762
1,40,257,533,0.9191896319389343
1,41,268,534,0.91957026720047
1,42,283,534,0.9109393358230591
1,43,303,534,0.8734095692634583
1,44,332,534,0.937269926071167
1,45,355,534,0.9268069863319397
1,46,381,534,0.9119348526000977
1,47,410,534,0.8910859227180481
1,48,443,535,0.9039232730865479
1,49,473,534,0.9073750376701355
1,50,505,534,0.9055940508842468
1,51,543,534,0.9196597337722778
1,52,573,534,0.9163396954536438
1,53,599,535,0.9163801670074463
1,54,621,533,0.9307704567909241
1,55,641,533,0.9240905046463013
1,56,661,534,0.9292402863502502
1,57,680,536,0.9249506592750549
1,58,698,537,0.9209166765213013
1,59,719,540,0.9091750383377075
1,60,736,543,0.9209961295127869
1,61,751,547,0.9132266640663147
1,62,765,553,0.9219449162483215
1,63,774,559,0.9122300744056702
1,64,786,563,0.8981401324272156
1,65,800,566,0.8978009819984436
1,66,814,567,0.8995932340621948
1,67,828,568,0.9077740907669067
1,68,843,568,0.8758252859115601
1,69,861,567,0.8697113990783691
1,70,879,564,0.8349031209945679
1,71,896,554,0.8420949578285217
1,72,913,561,0.8776271939277649
1,73,927,571,0.8657207489013672
1,74,941,574,0.8742532730102539
1,75,953,576,0.8677082061767578
1,76,965,577,0.8429965376853943
1,77,986,578,0.8931902647018433
1,78,1019,580,0.8571845889091492
1,79,1039,582,0.8584645390510559
1,80,1031,582,0.8553500771522522
1,81,1042,585,0.8087782263755798
1,82,1053,582,0.8384592533111572
1,83,1065,582,0.8691608905792236
1,84,1078,579,0.9113638997077942
1,85,1089,585,0.8453294038772583
1,86,1101,582,0.8606183528900146
1,87,1111,575,0.8712958097457886
1,88,1119,573,0.8747779726982117
1,89,1125,572,0.8523409366607666
1,90,1127,573,0.8413394689559937
1,91,1133,578,0.8868734836578369
1,92,1141,582,0.8760865926742554
1,93,1150,582,0.8797953724861145
1,94,1156,584,0.8932609558105469
1,95,1159,585,0.8975856900215149
1,96,1161,586,0.907148003578186
1,97,1161,588,0.9032074809074402
1,98,1163,588,0.9032260179519653
1,99,1163,589,0.9058650135993958
1,100,1165,585,0.9243976473808289
1,101,1167,588,0.9071328639984131
1,102,1172,589,0.9024340510368347
1,103,1175,589,0.9047860503196716
1,104,1178,590,0.8994919657707214
1,105,1179,590,0.9042803049087524
1,106,1178,591,0.9076865911483765
1,107,1174,592,0.9101083874702454
1,108,1169,593,0.9079132080078125
1,109,1163,592,0.9222927093505859
1,110,1156,591,0.9202495217323303
1,111,1148,584,0.9328928589820862
1,112,1140,589,0.9136970639228821
1,113,1135,589,0.901199460029602
1,114,1130,591,0.9010539054870605
1,115,1124,593,0.8864151239395142
1,116,1117,595,0.8845657110214233
1,117,1113,597,0.894936740398407
1,118,1105,599,0.9054251313209534
1,119,1099,602,0.9063740372657776
1,120,1100,602,0.903242290019989
1,121,1095,606,0.9105823636054993
1,122,1086,608,0.8984841108322144
1,123,1090,616,0.9237515330314636
1,124,1082,624,0.8559439182281494
1,125,1082,630,0.9042502045631409
1,126,1076,638,0.8655726909637451
1,127,1069,650,0.8415573835372925
1,128,1062,665,0.8641200661659241
1,129,1059,675,0.8351428508758545
1,130,1062,686,0.8528479933738708
1,131,1062,686,-1
1,132,1047,705,0.8287462592124939
1,133,1047,705,-1
1,134,1047,705,-1
1,135,1047,705,-1
1,136,1047,705,-1
1,137,1047,705,-1
1,138,0,0,-2
1,139,0,0,-2
1,140,0,0,-2
1,141,0,0,-2
1,142,0,0,-2
1,143,0,0,-2
1,144,0,0,-2
1,145,0,0,-2
1,146,0,0,-2
1,147,0,0,-2
1,148,0,0,-2
1,149,958,617,0.802456259727478
1,150,958,617,-1
1,151,958,617,-1
1,152,958,617,-1
1,153,958,617,-1
1,154,958,617,-1
1,155,0,0,-2
1,156,0,0,-2
1,157,0,0,-2
1,158,972,615,0.8239548206329346
1,159,972,615,0.8225498199462891
1,160,973,616,0.8185386657714844
1,161,973,617,0.8119182586669922
1,162,973,617,-1
1,163,973,617,-1
1,164,973,617,-1
1,165,973,617,-1
1,166,973,617,-1
1,167,0,0,-2
1,168,0,0,-2
1,169,974,617,0.8148910999298096
1,170,974,618,0.8196800947189331
1,171,975,619,0.8156175017356873
1,172,975,619,0.809366762638092
1,173,974,620,0.8063559532165527
1,174,974,620,0.8026683330535889
1,175,973,620,0.8186954259872437
1,176,973,620,-1
1,177,973,620,-1
1,178,973,620,-1
1,179,973,620,-1
1,180,973,620,-1
1,181,0,0,-2
1,182,0,0,-2
1,183,0,0,-2
1,184,0,0,-2
1,185,0,0,-2
1,186,0,0,-2
1,187,0,0,-2
1,188,0,0,-2
1,189,0,0,-2
1,190,1053,675,0.8151034712791443
1,191,1062,677,0.9024809002876282
1,192,1062,682,0.9005113244056702
1,193,1059,686,0.8943023681640625
1,194,1060,689,0.8984540700912476
1,195,1054,694,0.9004491567611694
1,196,1052,699,0.8930740356445312
1,197,1050,709,0.8775526285171509
1,198,1050,716,0.8895016312599182
1,199,1048,723,0.8925445675849915
1,200,1041,725,0.8645787239074707
1,201,1042,728,0.871555745601654
1,202,1047,732,0.8728487491607666
1,203,1054,735,0.8853837251663208
1,204,1059,734,0.8817055821418762
1,205,1063,735,0.8845467567443848
1,206,1069,737,0.8812509775161743
1,207,1076,736,0.8907089829444885
1,208,1078,731,0.8753358721733093
1,209,1085,726,0.9001785516738892
1,210,1094,717,0.8790123462677002
1,211,1103,708,0.8885613083839417
1,212,1115,696,0.8686693906784058
1,213,1123,684,0.8831139206886292
1,214,1131,666,0.892513632774353
1,215,1142,653,0.891314685344696
1,216,1153,639,0.8921956419944763
1,217,1164,623,0.9088796377182007
1,218,1173,608,0.9118379354476929
1,219,1178,596,0.9133146405220032
1,220,1181,585,0.9104045629501343
1,221,1182,580,0.9044424891471863
1,222,1182,575,0.8944978713989258
1,223,1182,574,0.8933958411216736
1,224,1183,575,0.8966208696365356
1,225,1183,576,0.8975240588188171
1,226,1185,577,0.9013553857803345
1,227,1185,578,0.9090495109558105
1,228,1182,576,0.9003223180770874
1,229,1178,576,0.9003809690475464
1,230,1173,576,0.8976346850395203
1,231,1168,575,0.9090466499328613
1,232,1162,578,0.9144031405448914
1,233,1160,577,0.9094393849372864
1,234,1158,576,0.9132558107376099
1,235,1155,576,0.922107994556427
1,236,1154,577,0.9283212423324585
1,237,1154,577,0.9213420152664185
1,238,1154,577,0.9225218296051025
1,239,1154,576,0.9178931713104248
1,240,1154,578,0.916982889175415
1,241,1150,581,0.9245920181274414
1,242,1146,585,0.923690915107727
1,243,1143,585,0.9175280928611755
1,244,1140,586,0.9160386323928833
1,245,1139,588,0.9183728694915771
1,246,1138,589,0.9194398522377014
1,247,1135,591,0.9166803359985352
1,248,1131,589,0.8969434499740601
1,249,1126,587,0.9090380668640137
1,250,1118,586,0.9211654663085938
1,251,1111,584,0.9279559850692749
1,252,1100,582,0.928335964679718
1,253,1088,581,0.9378069043159485
1,254,1077,577,0.9393476247787476
1,255,1065,574,0.9419477581977844
1,256,1052,571,0.9280864596366882
1,257,1038,568,0.9496131539344788
1,258,1026,566,0.9465585350990295
1,259,1013,561,0.9380160570144653
1,260,1000,556,0.9274138808250427
1,261,987,553,0.9208690524101257
1,262,974,552,0.9194293022155762
1,263,960,552,0.9171122908592224
1,264,949,550,0.9184151291847229
1,265,941,549,0.9203878045082092
1,266,932,548,0.9344000220298767
1,267,923,547,0.9350990653038025
1,268,912,543,0.9175746440887451
1,269,894,537,0.915857195854187
1,270,876,534,0.9142270088195801
1,271,857,533,0.9329428672790527
1,272,836,532,0.9291496276855469
1,273,808,534,0.9222834706306458
1,274,781,534,0.9351837038993835
1,275,758,533,0.9282611608505249
1,276,735,533,0.9366666674613953
1,277,712,534,0.9325956106185913
1,278,688,535,0.9336301684379578
1,279,658,534,0.925707221031189
1,280,631,534,0.9196968078613281
1,281,605,534,0.9489128589630127
1,282,578,534,0.9315478801727295
1,283,549,533,0.9368057250976562
1,284,512,534,0.9280075430870056
1,285,467,533,0.9322284460067749
1,286,415,533,0.9257824420928955
1,287,362,534,0.9433130025863647
1,288,318,534,0.925273597240448
1,289,288,533,0.9173141717910767
1,290,273,533,0.8733144402503967
1,291,258,534,0.8562740087509155
1,292,244,533,0.8523054122924805
1,293,227,532,0.8647288084030151
1,294,207,535,0.882809042930603
1,295,191,536,0.8939070701599121
1,296,180,536,0.893242597579956
1,297,172,535,0.9080785512924194
1,298,159,536,0.8873980045318604
1,299,139,553,0.8850799202919006
1,300,139,553,-1
1,301,139,553,-1
1,302,139,553,-1
1,303,139,553,-1
1,304,139,553,-1
1,305,0,0,-2
1,306,0,0,-2
1,307,0,0,-2
1,308,0,0,-2
1,309,0,0,-2
1,310,0,0,-2
1,311,0,0,-2
1,312,0,0,-2
1,313,0,0,-2
1,314,0,0,-2
1,315,0,0,-2
1,316,0,0,-2
1,317,0,0,-2
1,318,0,0,-2
1,319,0,0,-2
1,320,0,0,-2
1,321,0,0,-2
1,322,0,0,-2
1,323,0,0,-2
1,324,0,0,-2
1,325,0,0,-2
1,326,0,0,-2
1,327,0,0,-2
1,328,0,0,-2
1,329,0,0,-2
1,330,0,0,-2
1,331,0,0,-2
1,332,0,0,-2
1,333,0,0,-2
1,334,0,0,-2
1,335,0,0,-2
1,336,0,0,-2
1,337,0,0,-2
1,338,0,0,-2
1,339,0,0,-2
1,340,0,0,-2
1,341,0,0,-2
1,342,0,0,-2
1,343,0,0,-2
1,344,0,0,-2
1,345,0,0,-2
1,346,0,0,-2
1,347,0,0,-2
1,348,0,0,-2
1,349,0,0,-2
1,350,0,0,-2
1,351,0,0,-2
1,352,0,0,-2
1,353,0,0,-2
1,354,0,0,-2
1,355,0,0,-2
1,356,0,0,-2
1,357,0,0,-2
1,358,0,0,-2
1,359,0,0,-2
1,360,0,0,-2
1,361,0,0,-2
1,362,0,0,-2
1,363,0,0,-2
1,364,0,0,-2
1,365,0,0,-2
1,366,0,0,-2
1,367,0,0,-2
1,368,0,0,-2
1,369,0,0,-2
1,370,0,0,-2
1,371,0,0,-2
1,372,0,0,-2
1,373,0,0,-2
1,374,0,0,-2
1,375,0,0,-2
1,376,0,0,-2
1,377,0,0,-2
1,378,0,0,-2
1,379,0,0,-2
1,380,0,0,-2
1,381,0,0,-2
1,382,0,0,-2
1,383,0,0,-2
1,384,0,0,-2
1,385,0,0,-2
1,386,0,0,-2
1,387,0,0,-2
1,388,0,0,-2
1,389,0,0,-2
1,390,0,0,-2
1,391,0,0,-2
1,392,0,0,-2
1,393,0,0,-2
1,394,0,0,-2
1,395,0,0,-2
1,396,0,0,-2
1,397,0,0,-2
1,398,0,0,-2
1,399,0,0,-2
1,400,0,0,-2
1,401,0,0,-2
1,402,0,0,-2
1,403,0,0,-2
1,404,0,0,-2
1,405,0,0,-2
1,406,0,0,-2
1,407,0,0,-2
1,408,0,0,-2
1,409,0,0,-2
1,410,0,0,-2
1,411,0,0,-2
1,412,0,0,-2
1,413,0,0,-2
1,414,0,0,-2
1,415,0,0,-2
1,416,0,0,-2
1,417,0,0,-2
1,418,0,0,-2
1,419,0,0,-2
1,420,0,0,-2
1,421,0,0,-2
1,422,0,0,-2
1,423,0,0,-2
1,424,0,0,-2
1,425,0,0,-2
1,426,0,0,-2
1,427,0,0,-2
1,428,0,0,-2
1,429,0,0,-2
1,430,0,0,-2
1,431,0,0,-2
1,432,0,0,-2
1,433,0,0,-2
1,434,0,0,-2
1,435,0,0,-2
1,436,0,0,-2
1,437,0,0,-2
1,438,0,0,-2
1,439,0,0,-2
1,440,0,0,-2
2,441,62,492,0.8050776720046997
2,442,62,492,-1
2,443,71,423,0.8448159098625183
2,444,71,423,-1
2,445,72,411,0.8330904245376587
2,446,71,408,0.8083773851394653
2,447,75,406,0.8536747694015503
2,448,82,397,0.8200991749763489
2,449,90,399,0.8483039736747742
2,450,99,399,0.8408394455909729
2,451,107,410,0.897292971611023
2,452,116,417,0.9130094051361084
2,453,128,424,0.9113000631332397
2,454,139,424,0.8954343199729919
2,455,150,427,0.8610169291496277
2,456,167,433,0.8278147578239441
2,457,183,442,0.8318153023719788
2,458,201,448,0.839348316192627
2,459,211,450,0.8659605979919434
2,460,222,448,0.8175948858261108
2,461,234,447,0.867646336555481
2,462,245,447,0.8660414218902588
2,463,259,444,0.8657076954841614
2,464,279,444,0.8734230399131775
2,465,295,442,0.9046607613563538
2,466,311,442,0.9068963527679443
2,467,328,442,0.8817632794380188
2,468,346,443,0.8556603193283081
2,469,365,445,0.8499746322631836
2,470,380,448,0.8636800050735474
2,471,394,450,0.8810713291168213
2,472,409,450,0.877372145652771
2,473,421,455,0.9010170102119446
2,474,436,461,0.8953813910484314
2,475,436,461,-1
2,476,436,461,-1
2,477,436,461,-1
2,478,436,461,-1
2,479,436,461,-1
2,480,0,0,-2
2,481,0,0,-2
2,482,0,0,-2
2,483,0,0,-2
2,484,622,367,0.8099307417869568
2,485,622,367,-1
2,486,634,379,0.8087294101715088
2,487,641,383,0.8446882963180542
2,488,641,383,-1
2,489,641,383,-1
2,490,641,383,-1
2,491,641,383,-1
2,492,641,383,-1
2,493,0,0,-2
2,494,0,0,-2
2,495,0,0,-2
2,496,0,0,-2
2,497,0,0,-2
2,498,0,0,-2
2,499,0,0,-2
2,500,0,0,-2
2,501,0,0,-2
2,502,758,506,0.8657740950584412
2,503,759,515,0.8642424941062927
2,504,762,514,0.8537778258323669
2,505,765,516,0.8575870990753174
2,506,765,518,0.8284480571746826
2,507,768,528,0.8616202473640442
2,508,771,535,0.873313844203949
2,509,771,544,0.8849289417266846
2,510,770,551,0.8638825416564941
2,511,770,561,0.8725761771202087
2,512,769,565,0.8328468203544617
2,513,766,563,0.8382192254066467
2,514,763,561,0.808048665523529
2,515,763,561,-1
2,516,763,561,-1
2,517,763,561,-1
2,518,763,561,-1
2,519,751,478,0.8015963435173035
2,520,751,478,-1
2,521,751,478,-1
2,522,751,478,-1
2,523,751,478,-1
2,524,751,478,-1
2,525,0,0,-2
2,526,0,0,-2
2,527,0,0,-2
2,528,0,0,-2
2,529,0,0,-2
2,530,0,0,-2
2,531,0,0,-2
2,532,0,0,-2
2,533,0,0,-2
2,534,0,0,-2
2,535,0,0,-2
2,536,0,0,-2
2,537,0,0,-2
2,538,0,0,-2
2,539,0,0,-2
2,540,0,0,-2
2,541,0,0,-2
2,542,0,0,-2
2,543,0,0,-2
2,544,0,0,-2
2,545,752,469,0.8086578249931335
2,546,752,468,0.8154213428497314
2,547,752,469,0.807807445526123
2,548,752,469,0.8058959245681763
2,549,752,469,0.8117794394493103
2,550,752,469,-1
2,551,752,469,-1
2,552,752,469,-1
2,553,752,469,-1
2,554,754,470,0.8012967109680176
2,555,754,470,0.8099957704544067
2,556,754,470,-1
2,557,754,470,-1
2,558,754,470,-1
2,559,754,470,-1
2,560,754,470,-1
2,561,0,0,-2
2,562,0,0,-2
2,563,0,0,-2
2,564,0,0,-2
2,565,0,0,-2
2,566,0,0,-2
2,567,0,0,-2
2,568,0,0,-2
2,569,0,0,-2
2,570,0,0,-2
2,571,0,0,-2
2,572,770,543,0.8144282102584839
2,573,771,545,0.8552461862564087
2,574,772,543,0.8660221099853516
2,575,772,534,0.83203125
2,576,772,534,-1
2,577,772,534,-1
2,578,772,534,-1
2,579,772,534,-1
2,580,772,534,-1
2,581,0,0,-2
2,582,0,0,-2
2,583,0,0,-2
2,584,0,0,-2
2,585,0,0,-2
2,586,0,0,-2
2,587,0,0,-2
2,588,0,0,-2
2,589,0,0,-2
2,590,0,0,-2
2,591,0,0,-2
2,592,0,0,-2
2,593,0,0,-2
2,594,0,0,-2
2,595,0,0,-2
2,596,0,0,-2
2,597,0,0,-2
2,598,713,381,0.8017033934593201
2,599,713,381,-1
2,600,713,381,-1
2,601,681,369,0.8780003786087036
2,602,668,369,0.8218227028846741
2,603,668,369,-1
2,604,668,369,-1
2,605,668,369,-1
2,606,668,369,-1
2,607,562,349,0.8209405541419983
2,608,548,345,0.8440508842468262
2,609,548,345,-1
2,610,548,345,-1
2,611,548,345,-1
2,612,548,345,-1
2,613,548,345,-1
2,614,0,0,-2
2,615,442,417,0.8359265923500061
2,616,431,422,0.8237493634223938
2,617,421,427,0.842303454875946
2,618,404,429,0.9115164875984192
2,619,386,429,0.8714471459388733
2,620,368,429,0.8527113795280457
2,621,363,429,0.8022761344909668
2,622,338,417,0.8610472083091736
2,623,320,421,0.8783199191093445
2,624,303,419,0.8880131244659424
2,625,303,419,0.8800771236419678
2,626,291,417,0.805214524269104
2,627,263,420,0.8708693385124207
2,628,243,421,0.8743935227394104
2,629,216,422,0.8643690347671509
2,630,216,422,-1
2,631,216,422,-1
2,632,216,422,-1
2,633,175,424,0.858207106590271
2,634,168,422,0.8322958946228027
2,635,165,420,0.8970828056335449
2,636,139,415,0.9257925152778625
2,637,120,413,0.89009028673172
2,638,108,412,0.8925176858901978
2,639,100,409,0.8808960318565369
2,640,95,407,0.8856565952301025
2,641,89,405,0.866392970085144
2,642,83,403,0.8582355380058289
2,643,78,405,0.860334575176239
2,644,73,409,0.8719220757484436
2,645,73,409,-1
2,646,73,409,-1
2,647,73,409,-1
2,648,73,409,-1
2,649,73,409,-1
2,650,0,0,-2
2,651,0,0,-2
2,652,0,0,-2
2,653,0,0,-2
2,654,0,0,-2
2,655,0,0,-2
2,656,0,0,-2
2,657,0,0,-2
2,658,0,0,-2
2,659,0,0,-2
2,660,0,0,-2
2,661,0,0,-2
2,662,0,0,-2
2,663,0,0,-2
2,664,0,0,-2
2,665,0,0,-2
2,666,0,0,-2
2,667,0,0,-2
2,668,0,0,-2
2,669,0,0,-2
2,670,0,0,-2
2,671,0,0,-2
2,672,0,0,-2
2,673,0,0,-2
2,674,0,0,-2
2,675,0,0,-2
2,676,0,0,-2
2,677,0,0,-2
2,678,0,0,-2
2,679,0,0,-2
2,680,0,0,-2
2,681,0,0,-2
2,682,0,0,-2
2,683,0,0,-2
2,684,0,0,-2
2,685,0,0,-2
2,686,0,0,-2
2,687,0,0,-2
2,688,0,0,-2
2,689,0,0,-2
2,690,0,0,-2
2,691,0,0,-2
2,692,0,0,-2
2,693,0,0,-2
2,694,0,0,-2
2,695,0,0,-2
2,696,0,0,-2
2,697,0,0,-2
2,698,0,0,-2
2,699,0,0,-2
2,700,0,0,-2
2,701,0,0,-2
2,702,0,0,-2
2,703,0,0,-2
2,704,0,0,-2
2,705,0,0,-2
2,706,0,0,-2
2,707,0,0,-2
2,708,0,0,-2
2,709,0,0,-2
2,710,0,0,-2
2,711,0,0,-2
2,712,0,0,-2
2,713,0,0,-2
2,714,0,0,-2
2,715,0,0,-2
2,716,0,0,-2
2,717,0,0,-2
2,718,0,0,-2
2,719,0,0,-2
2,720,0,0,-2
2,721,0,0,-2
2,722,0,0,-2
2,723,0,0,-2
2,724,0,0,-2
2,725,0,0,-2
2,726,0,0,-2
2,727,0,0,-2
2,728,0,0,-2
2,729,0,0,-2
2,730,0,0,-2
2,731,0,0,-2
2,732,0,0,-2
3,733,1154,444,0.8231267929077148
3,734,1159,448,0.8265842199325562
3,735,1165,453,0.8341450691223145
3,736,1171,458,0.8116034269332886
3,737,1177,462,0.8170384168624878
3,738,1180,461,0.8292624950408936
3,739,1180,462,0.8130367994308472
3,740,1182,460,0.8270711302757263
3,741,1187,457,0.8425197005271912
3,742,1192,455,0.8522771596908569
3,743,1196,454,0.8570656180381775
3,744,1199,457,0.8082913756370544
3,745,1199,455,0.8163202404975891
3,746,1199,456,0.8189307451248169
3,747,1200,457,0.8188996911048889
3,748,1200,458,0.8133420944213867
3,749,1200,458,-1
3,750,1200,458,-1
3,751,1196,483,0.8157245516777039
3,752,1193,498,0.8485366702079773
3,753,1190,506,0.8353928923606873
3,754,1187,508,0.8390833139419556
3,755,1187,507,0.8430695533752441
3,756,1185,507,0.8346723318099976
3,757,1184,505,0.8355003595352173
3,758,1183,503,0.8314090371131897
3,759,1180,501,0.8311963677406311
3,760,1178,499,0.8699857592582703
3,761,1175,500,0.8788471817970276
3,762,1172,501,0.86954665184021
3,763,1169,504,0.8775013089179993
3,764,1165,504,0.8797264695167542
3,765,1159,504,0.8671432733535767
3,766,1155,503,0.868141770362854
3,767,1152,499,0.8493640422821045
3,768,1150,499,0.8773046135902405
3,769,1149,503,0.8879054188728333
3,770,1147,511,0.8824999928474426
3,771,1145,524,0.9101804494857788
3,772,1144,534,0.8980154395103455
3,773,1144,543,0.8984870910644531
3,774,1141,549,0.8950055837631226
3,775,1140,553,0.9029276967048645
3,776,1139,553,0.9037864804267883
3,777,1140,552,0.8944567441940308
3,778,1138,550,0.9009360074996948
3,779,1136,549,0.9158077836036682
3,780,1133,547,0.9285010695457458
3,781,1128,546,0.9333377480506897
3,782,1119,544,0.9235708117485046
3,783,1109,542,0.9122421741485596
3,784,1098,540,0.9162892699241638
3,785,1090,540,0.9181424975395203
3,786,1084,546,0.9147089123725891
3,787,1077,558,0.9005901217460632
3,788,1071,570,0.889173150062561
3,789,1064,579,0.8662793040275574
3,790,1058,582,0.8725467920303345
3,791,1052,585,0.8884711861610413
3,792,1047,585,0.8800840973854065
3,793,1040,582,0.8680093288421631
3,794,1035,581,0.8736883997917175
3,795,1032,576,0.8792301416397095
3,796,1029,564,0.891063392162323
3,797,1026,568,0.8827622532844543
3,798,1026,573,0.8879689574241638
3,799,1027,579,0.9059076309204102
3,800,1029,590,0.8932846188545227
3,801,1028,603,0.8669685125350952
3,802,1030,613,0.8743466138839722
3,803,1032,618,0.8775160908699036
3,804,1031,621,0.8764442801475525
3,805,1029,623,0.8708552122116089
3,806,1031,623,0.8727943301200867
3,807,1040,626,0.8741170167922974
3,808,1046,625,0.8734434843063354
3,809,1048,621,0.8927410244941711
3,810,1052,618,0.8970798254013062
3,811,1051,615,0.8946370482444763
3,812,1052,616,0.8911271691322327
3,813,1050,616,0.8961724638938904
3,814,1050,616,0.8971770405769348
3,815,1050,615,0.8893929719924927
3,816,1049,615,0.888146698474884
3,817,1052,615,0.894169270992279
3,818,1054,611,0.887439489364624
3,819,1056,611,0.8972797393798828
3,820,1057,610,0.8973936438560486
3,821,1057,611,0.8969218730926514
3,822,1057,613,0.8954390287399292
3,823,1061,614,0.8966230750083923
3,824,1066,615,0.906773030757904
3,825,1069,616,0.9166032075881958
3,826,1072,618,0.9158514142036438
3,827,1073,620,0.9134976863861084
3,828,1073,621,0.9126634001731873
3,829,1072,622,0.9113600254058838
3,830,1072,621,0.9073505401611328
3,831,1071,622,0.9036331176757812
3,832,1071,622,0.9041491150856018
3,833,1070,623,0.9093027710914612
3,834,1070,621,0.9128208160400391
3,835,1069,621,0.9117894768714905
3,836,1068,620,0.9108178615570068
3,837,1068,619,0.9125298857688904
3,838,1069,619,0.9110875129699707
3,839,1069,621,0.9110959768295288
3,840,1070,621,0.9129584431648254
3,841,1070,622,0.9119278192520142
3,842,1070,623,0.910036563873291
3,843,1070,623,0.9081969261169434
3,844,1070,624,0.9050915837287903
3,845,1070,624,0.9025944471359253
3,846,1070,623,0.9022743701934814
3,847,1069,624,0.8996191024780273
3,848,1070,622,0.9004191160202026
3,849,1071,621,0.9007152318954468
3,850,1072,621,0.9024447202682495
3,851,1072,620,0.9050283432006836
3,852,1072,620,0.9035570025444031
3,853,1075,620,0.9090078473091125
3,854,1079,619,0.9111718535423279
3,855,1079,619,0.9059377908706665
3,856,1077,618,0.9023590683937073
3,857,1079,619,0.9099928736686707
3,858,1080,619,0.9074425101280212
3,859,1083,620,0.8989961743354797
3,860,1086,620,0.8968680500984192
3,861,1090,621,0.8967185020446777
3,862,1095,621,0.8961129188537598
3,863,1110,621,0.8830608129501343
3,864,1124,622,0.8589890003204346
3,865,1130,623,0.8633133769035339
3,866,1131,622,0.864556610584259
3,867,1131,622,0.8651012182235718
3,868,1131,624,0.871032178401947
3,869,1131,626,0.8753563165664673
3,870,1132,626,0.8775421380996704
3,871,1130,627,0.8833496570587158
3,872,1131,628,0.8815895915031433
3,873,1131,629,0.8856059312820435
3,874,1131,632,0.8844481706619263
3,875,1131,635,0.8736979365348816
3,876,1130,640,0.8699836730957031
3,877,1128,646,0.8815268874168396
3,878,1128,650,0.9001712799072266
3,879,1127,654,0.8859057426452637
3,880,1125,661,0.8706066012382507
3,881,1123,667,0.8676697015762329
3,882,1121,674,0.8677256107330322
3,883,1120,675,0.8874171376228333
3,884,1118,678,0.8852257132530212
3,885,1114,682,0.8890368938446045
3,886,1108,686,0.8795871734619141
3,887,1103,690,0.8819044232368469
3,888,1100,692,0.8791015148162842
3,889,1100,696,0.87241530418396
3,890,1094,699,0.8756993412971497
3,891,1092,701,0.8694744110107422
3,892,1089,703,0.883668065071106
3,893,1090,703,0.8818781971931458
3,894,1090,704,0.8841546177864075
3,895,1089,703,0.895013689994812
3,896,1090,703,0.8906369209289551
3,897,1094,702,0.8830597996711731
3,898,1093,701,0.872739315032959
3,899,1092,700,0.8576597571372986
3,900,1092,699,0.8149844408035278
3,901,1089,699,0.8309548497200012
3,902,1089,699,-1
3,903,1089,699,-1
3,904,1076,699,0.8046088218688965
3,905,1076,699,0.8549147248268127
3,906,1071,699,0.860794723033905
3,907,1069,700,0.8843372464179993
3,908,1069,700,0.9045395851135254
3,909,1071,701,0.9018068313598633
3,910,1072,700,0.89863520860672
3,911,1074,700,0.891144871711731
3,912,1075,698,0.8011395335197449
3,913,1078,698,0.8621586561203003
3,914,1081,697,0.8937863707542419
3,915,1083,697,0.8963888883590698
3,916,1084,696,0.8913383483886719
3,917,1085,696,0.8867838382720947
3,918,1085,696,0.8701104521751404
3,919,1085,696,0.8759196400642395
3,920,1085,697,0.8762456178665161
3,921,1085,697,0.8744455575942993
3,922,1085,697,0.8754913806915283
3,923,1085,697,0.8781402111053467
3,924,1084,698,0.8770216107368469
3,925,1082,698,0.8757144808769226
3,926,1077,698,0.8650404810905457
3,927,1074,699,0.8648747801780701
3,928,1072,700,0.8738487362861633
3,929,1071,700,0.8830865025520325
3,930,1072,701,0.8813633918762207
3,931,1072,701,0.8845400214195251
3,932,1073,701,0.8869242072105408
3,933,1072,701,0.8843634128570557
3,934,1071,701,0.8823259472846985
3,935,1069,700,0.9029650688171387
3,936,1069,699,0.895778477191925
3,937,1069,698,0.8979052305221558
3,938,1070,698,0.9028744101524353
3,939,1072,698,0.8832678198814392
3,940,1073,699,0.8838530778884888
3,941,1071,698,0.8910128474235535
3,942,1074,699,0.8782812356948853
3,943,1075,699,0.896901547908783
3,944,1076,699,0.8943281769752502
3,945,1076,699,0.8797698616981506
3,946,1077,698,0.8897267580032349
3,947,1080,699,0.9018906950950623
3,948,1082,698,0.8949620127677917
3,949,1082,698,0.9030514359474182
3,950,1083,698,0.9086657762527466
3,951,1084,698,0.9025235772132874
3,952,1085,699,0.8957458734512329
3,953,1085,699,0.9066494107246399
3,954,1086,699,0.9018926620483398
3,955,1086,699,0.9059804677963257
3,956,1087,700,0.8980534672737122
3,957,1087,698,0.904758632183075
3,958,1089,696,0.9124544262886047
3,959,1091,694,0.9159741997718811
3,960,1092,691,0.9145131707191467
3,961,1094,688,0.9141018986701965
3,962,1096,686,0.9149591326713562
3,963,1098,681,0.8943653702735901
3,964,1101,677,0.8904925584793091
3,965,1104,671,0.851414680480957
3,966,1110,672,0.8378676772117615
3,967,1112,673,0.8478373885154724
3,968,1114,667,0.8519163131713867
3,969,1116,666,0.846398651599884
3,970,1118,666,0.8358674645423889
3,971,1120,650,0.8741044402122498
3,972,1122,643,0.8711972832679749
3,973,1124,640,0.8434484004974365
3,974,1125,641,0.8255011439323425
3,975,1125,632,0.8293350338935852
3,976,1123,627,0.8379151225090027
3,977,1123,627,-1
3,978,1123,627,-1
3,979,1123,627,-1
3,980,1123,627,-1
3,981,1131,618,0.8001527190208435
3,982,1128,611,0.8265470862388611
3,983,1130,607,0.8504326939582825
3,984,1121,605,0.8362358808517456
3,985,1115,602,0.8619142770767212
3,986,1111,599,0.867991030216217
3,987,1107,597,0.900063693523407
3,988,1106,594,0.908296525478363
3,989,1104,591,0.9111817479133606
3,990,1101,589,0.9148384928703308
3,991,1098,587,0.917866051197052
3,992,1095,586,0.9254425168037415
3,993,1092,586,0.9307271838188171
3,994,1090,587,0.9294077157974243
3,995,1090,587,0.9297503232955933
3,996,1089,587,0.9315881729125977
3,997,1087,586,0.9351164698600769
3,998,1085,586,0.9278752207756042
3,999,1083,585,0.9328705668449402
3,1000,1081,585,0.9279119372367859
3,1001,1080,585,0.9303856492042542
3,1002,1079,585,0.9281941056251526
3,1003,1078,585,0.9251242876052856
3,1004,1077,585,0.9183072447776794
3,1005,1075,585,0.8986434936523438
3,1006,1073,586,0.8927939534187317
3,1007,1071,586,0.8976037502288818
3,1008,1071,586,0.8862738609313965
3,1009,1069,587,0.8957305550575256
3,1010,1067,587,0.8938199877738953
3,1011,1067,587,0.8911583423614502
3,1012,1066,587,0.8901054859161377
3,1013,1065,587,0.8920872807502747
3,1014,1065,587,0.8942855596542358
3,1015,1064,587,0.8941383361816406
3,1016,1063,587,0.8950314521789551
3,1017,1062,587,0.8968167901039124
3,1018,1062,587,0.8989474177360535
3,1019,1061,586,0.9011675119400024
3,1020,1060,586,0.9025771617889404
3,1021,1060,585,0.9072125554084778
3,1022,1059,585,0.9048845171928406
3,1023,1060,585,0.9038024544715881
3,1024,1062,586,0.9046286344528198
3,1025,1063,587,0.9074372053146362
3,1026,1063,587,0.9108579158782959
3,1027,1063,587,0.91483473777771
3,1028,1064,587,0.9198653101921082
3,1029,1066,588,0.9226637482643127
3,1030,1068,588,0.91749107837677
3,1031,1072,590,0.8759992122650146
3,1032,1074,592,0.8842835426330566
3,1033,1077,593,0.8924343585968018
3,1034,1079,594,0.9049453139305115
3,1035,1082,595,0.9076583981513977
3,1036,1085,595,0.9120234847068787
3,1037,1088,594,0.9115658402442932
3,1038,1090,594,0.9127886295318604
3,1039,1092,595,0.9091000556945801
3,1040,1094,595,0.9061527252197266
3,1041,1097,595,0.8969670534133911
3,1042,1102,596,0.8843557834625244
3,1043,1111,600,0.8698964715003967
3,1044,1120,602,0.9090108275413513
3,1045,1124,603,0.9161033630371094
3,1046,1127,603,0.9121435880661011
3,1047,1129,604,0.9145126938819885
3,1048,1133,604,0.9161824584007263
3,1049,1136,605,0.9141303896903992
3,1050,1138,607,0.9119535088539124
3,1051,1141,607,0.9085497260093689
3,1052,1144,608,0.9077696800231934
3,1053,1148,608,0.8990530967712402
3,1054,1151,605,0.9010009169578552
3,1055,1153,601,0.9033116102218628
3,1056,1156,594,0.904923677444458
3,1057,1158,590,0.9005858898162842
3,1058,1160,590,0.894185483455658
3,1059,1160,590,0.8883715867996216
3,1060,1161,592,0.8854248523712158
3,1061,1162,593,0.8937923908233643
3,1062,1165,596,0.8818988800048828
3,1063,1167,598,0.8738669753074646
3,1064,1169,601,0.8701563477516174
3,1065,1170,603,0.8671845197677612
3,1066,1172,604,0.8641859292984009
3,1067,1174,605,0.8549334406852722
3,1068,1177,603,0.8570594191551208
3,1069,1179,597,0.849903404712677
3,1070,1181,590,0.8472713828086853
3,1071,1183,580,0.8321779370307922
3,1072,1186,566,0.8328988552093506
3,1073,1187,551,0.8300524353981018
3,1074,1188,538,0.8260135054588318
3,1075,1186,530,0.8425222039222717
3,1076,1185,525,0.8475697636604309
3,1077,1184,524,0.8290640711784363
3,1078,1184,524,0.8180329203605652
3,1079,1184,525,0.8043683767318726
3,1080,1185,526,0.8074547052383423
3,1081,1186,527,0.829755425453186
3,1082,1186,527,0.8337020874023438
3,1083,1186,527,0.8379480838775635
3,1084,1187,527,0.8414922952651978
3,1085,1187,529,0.8294138312339783
3,1086,1188,528,0.8316934108734131
3,1087,1189,523,0.8490493297576904
3,1088,1190,522,0.8519551157951355
3,1089,1191,521,0.8444187045097351
3,1090,1192,516,0.8573630452156067
3,1091,1192,507,0.8697782158851624
3,1092,1192,499,0.8343602418899536
3,1093,1192,493,0.8136613965034485
3,1094,1192,493,-1
3,1095,1192,493,-1
3,1096,1192,493,-1
3,1097,1191,479,0.8420979380607605
3,1098,1191,477,0.8474671840667725
3,1099,1189,477,0.805177628993988
3,1100,1189,477,-1
3,1101,1184,476,0.8199204206466675
3,1102,1180,476,0.8479328155517578
3,1103,1173,482,0.8391168713569641
3,1104,1166,489,0.840350329875946
3,1105,1160,490,0.8405002951622009
3,1106,1160,490,-1
3,1107,1154,485,0.8316748738288879
3,1108,1154,485,-1
3,1109,1140,467,0.8122817277908325
3,1110,1140,467,-1
3,1111,1140,467,-1
3,1112,1140,467,-1
3,1113,1140,467,-1
3,1114,1140,467,-1
3,1115,0,0,-2
3,1116,0,0,-2
3,1117,0,0,-2
3,1118,0,0,-2
3,1119,0,0,-2
3,1120,0,0,-2
3,1121,0,0,-2
3,1122,0,0,-2
3,1123,0,0,-2
3,1124,0,0,-2
3,1125,0,0,-2
3,1126,0,0,-2
3,1127,0,0,-2
3,1128,0,0,-2
3,1129,0,0,-2
3,1130,0,0,-2
3,1131,0,0,-2
3,1132,0,0,-2
3,1133,0,0,-2
3,1134,0,0,-2
3,1135,0,0,-2
3,1136,0,0,-2
3,1137,0,0,-2
3,1138,0,0,-2
3,1139,0,0,-2
3,1140,0,0,-2
3,1141,0,0,-2
3,1142,0,0,-2
3,1143,0,0,-2
3,1144,0,0,-2
3,1145,0,0,-2
3,1146,0,0,-2
3,1147,0,0,-2
3,1148,0,0,-2
3,1149,0,0,-2
3,1150,0,0,-2
3,1151,0,0,-2
3,1152,0,0,-2
3,1153,0,0,-2
3,1154,0,0,-2
3,1155,0,0,-2
3,1156,0,0,-2
3,1157,0,0,-2
3,1158,0,0,-2
3,1159,0,0,-2
3,1160,0,0,-2
3,1161,0,0,-2
3,1162,0,0,-2
3,1163,0,0,-2
3,1164,0,0,-2
3,1165,0,0,-2
3,1166,0,0,-2
3,1167,0,0,-2
3,1168,0,0,-2
3,1169,0,0,-2
3,1170,0,0,-2
3,1171,0,0,-2
3,1172,0,0,-2
3,1173,0,0,-2
3,1174,0,0,-2
3,1175,0,0,-2
3,1176,0,0,-2
3,1177,0,0,-2
3,1178,0,0,-2
3,1179,0,0,-2
3,1180,0,0,-2
3,1181,0,0,-2
3,1182,0,0,-2
3,1183,0,0,-2
3,1184,0,0,-2
3,1185,0,0,-2
3,1186,0,0,-2
3,1187,0,0,-2
3,1188,0,0,-2
3,1189,0,0,-2
3,1190,0,0,-2
3,1191,0,0,-2
3,1192,0,0,-2
3,1193,0,0,-2
3,1194,0,0,-2
3,1195,0,0,-2
3,1196,0,0,-2
3,1197,0,0,-2
3,1198,0,0,-2
3,1199,0,0,-2
3,1200,0,0,-2
3,1201,0,0,-2
3,1202,0,0,-2
3,1203,0,0,-2
3,1204,0,0,-2
3,1205,0,0,-2
3,1206,0,0,-2
3,1207,0,0,-2
3,1208,0,0,-2
3,1209,0,0,-2
3,1210,0,0,-2
3,1211,0,0,-2
3,1212,0,0,-2
3,1213,0,0,-2
3,1214,0,0,-2
3,1215,0,0,-2
3,1216,0,0,-2
3,1217,0,0,-2
3,1218,0,0,-2
3,1219,0,0,-2
3,1220,0,0,-2
3,1221,0,0,-2
3,1222,0,0,-2
3,1223,0,0,-2
3,1224,0,0,-2
3,1225,0,0,-2
3,1226,0,0,-2
3,1227,0,0,-2
3,1228,0,0,-2
3,1229,0,0,-2
3,1230,0,0,-2
3,1231,0,0,-2
3,1232,0,0,-2
3,1233,0,0,-2
3,1234,0,0,-2
3,1235,0,0,-2
3,1236,0,0,-2
3,1237,0,0,-2
3,1238,0,0,-2
3,1239,0,0,-2
3,1240,0,0,-2
3,1241,0,0,-2
3,1242,0,0,-2
3,1243,0,0,-2
3,1244,0,0,-2
3,1245,0,0,-2
3,1246,0,0,-2
3,1247,0,0,-2
3,1248,0,0,-2
3,1249,0,0,-2
3,1250,0,0,-2
4,1251,1696,495,0.9357399940490723
4,1252,1663,524,0.9310829043388367
4,1253,1638,536,0.8506582975387573
4,1254,1616,540,0.8862718939781189
4,1255,1599,539,0.8507364988327026
4,1256,1587,539,0.802624523639679
4,1257,1572,540,0.8998091816902161
4,1258,1562,538,0.9124858379364014
4,1259,1554,539,0.937315821647644
4,1260,1545,539,0.9381133913993835
4,1261,1513,539,0.9128708839416504
4,1262,1475,535,0.9156643152236938
4,1263,1443,535,0.8981738686561584
4,1264,1413,536,0.9071925282478333
4,1265,1391,534,0.8100493550300598
4,1266,1391,534,-1
4,1267,1391,534,-1
4,1268,1301,537,0.9120464324951172
4,1269,1279,537,0.9107878804206848
4,1270,1264,527,0.9336491823196411
4,1271,1241,524,0.9184455871582031
4,1272,1213,524,0.9217771291732788
4,1273,1183,523,0.9115853309631348
4,1274,1160,518,0.9062172174453735
4,1275,1142,511,0.9127417802810669
4,1276,1125,502,0.9165027141571045
4,1277,1112,496,0.9190819263458252
4,1278,1102,490,0.9171666502952576
4,1279,1095,481,0.9083500504493713
4,1280,1088,478,0.9120650291442871
4,1281,1082,479,0.9030334949493408
4,1282,1078,480,0.8910384178161621
4,1283,1074,479,0.8963996171951294
4,1284,1070,480,0.8897578120231628
4,1285,1067,480,0.9061077833175659
4,1286,1065,481,0.9147499203681946
4,1287,1063,482,0.9216188788414001
4,1288,1059,481,0.9254651069641113
4,1289,1051,481,0.9206872582435608
4,1290,1044,479,0.9128376245498657
4,1291,1036,475,0.9054514169692993
4,1292,1022,471,0.9206980466842651
4,1293,1012,468,0.935735821723938
4,1294,1001,465,0.9197841286659241
4,1295,992,462,0.9258996248245239
4,1296,987,461,0.9298591613769531
4,1297,982,468,0.9211190342903137
4,1298,977,486,0.9163433313369751
4,1299,969,509,0.905605673789978
4,1300,960,533,0.8942005634307861
4,1301,950,553,0.9017121195793152
4,1302,938,572,0.9046975374221802
4,1303,929,589,0.8938099145889282
4,1304,922,602,0.8698275089263916
4,1305,915,614,0.8660616278648376
4,1306,909,618,0.8256896734237671
4,1307,902,628,0.8589309453964233
4,1308,897,634,0.8796387314796448
4,1309,895,641,0.8734481334686279
4,1310,898,643,0.8854926824569702
4,1311,903,640,0.897182822227478
4,1312,909,633,0.8745782375335693
4,1313,909,633,-1
4,1314,933,638,0.8044180274009705
4,1315,933,638,-1
4,1316,933,638,-1
4,1317,933,638,-1
4,1318,933,638,-1
4,1319,933,638,-1
4,1320,0,0,-2
4,1321,0,0,-2
4,1322,0,0,-2
4,1323,0,0,-2
4,1324,0,0,-2
4,1325,0,0,-2
4,1326,0,0,-2
4,1327,0,0,-2
4,1328,0,0,-2
4,1329,0,0,-2
4,1330,0,0,-2
4,1331,0,0,-2
4,1332,0,0,-2
4,1333,0,0,-2
4,1334,0,0,-2
4,1335,0,0,-2
4,1336,0,0,-2
4,1337,0,0,-2
4,1338,0,0,-2
4,1339,0,0,-2
4,1340,0,0,-2
4,1341,0,0,-2
4,1342,0,0,-2
4,1343,0,0,-2
4,1344,0,0,-2
4,1345,0,0,-2
4,1346,0,0,-2
4,1347,0,0,-2
4,1348,0,0,-2
4,1349,0,0,-2
4,1350,0,0,-2
4,1351,0,0,-2
4,1352,0,0,-2
4,1353,0,0,-2
4,1354,0,0,-2
4,1355,0,0,-2
4,1356,0,0,-2
4,1357,0,0,-2
4,1358,0,0,-2
4,1359,0,0,-2
4,1360,0,0,-2
4,1361,0,0,-2
4,1362,0,0,-2
4,1363,0,0,-2
4,1364,0,0,-2
4,1365,0,0,-2
4,1366,0,0,-2
4,1367,0,0,-2
4,1368,0,0,-2
4,1369,0,0,-2
4,1370,0,0,-2
4,1371,0,0,-2
4,1372,0,0,-2
4,1373,0,0,-2
4,1374,0,0,-2
4,1375,0,0,-2
4,1376,0,0,-2
4,1377,0,0,-2
4,1378,0,0,-2
4,1379,0,0,-2
4,1380,0,0,-2
4,1381,0,0,-2
4,1382,0,0,-2
4,1383,0,0,-2
4,1384,0,0,-2
4,1385,0,0,-2
4,1386,0,0,-2
4,1387,0,0,-2
4,1388,0,0,-2
4,1389,0,0,-2
4,1390,0,0,-2
4,1391,0,0,-2
4,1392,0,0,-2
4,1393,0,0,-2
4,1394,0,0,-2
4,1395,0,0,-2
4,1396,0,0,-2
4,1397,0,0,-2
4,1398,0,0,-2
4,1399,0,0,-2
5,1400,942,620,0.8537527918815613
5,1401,947,616,0.8122309446334839
5,1402,947,616,-1
5,1403,947,616,-1
5,1404,947,616,-1
5,1405,965,604,0.8483096361160278
5,1406,971,599,0.8570426106452942
5,1407,971,599,-1
5,1408,981,592,0.8698360323905945
5,1409,984,591,0.8027486205101013
5,1410,985,591,0.863353431224823
5,1411,982,593,0.8503598570823669
5,1412,980,594,0.892784059047699
5,1413,980,594,-1
5,1414,969,597,0.8956913352012634
5,1415,964,602,0.876787006855011
5,1416,956,604,0.8386937379837036
5,1417,950,608,0.8621689081192017
5,1418,949,614,0.8691928386688232
5,1419,948,624,0.8918835520744324
5,1420,944,639,0.8925241827964783
5,1421,945,647,0.8892185091972351
5,1422,952,649,0.8815926313400269
5,1423,958,650,0.8776609897613525
5,1424,961,649,0.8875458836555481
5,1425,964,649,0.8941695690155029
5,1426,967,650,0.9007781147956848
5,1427,969,650,0.906122088432312
5,1428,969,651,0.9060690402984619
5,1429,971,651,0.8895116448402405
5,1430,972,651,0.8876222372055054
5,1431,973,651,0.8925387859344482
5,1432,976,651,0.8628098964691162
5,1433,980,652,0.8398666381835938
5,1434,983,659,0.8201854825019836
5,1435,983,659,-1
5,1436,987,672,0.8491030335426331
5,1437,990,674,0.8396268486976624
5,1438,999,671,0.8310762643814087
5,1439,1010,669,0.8698773384094238
5,1440,1024,662,0.8853471279144287
5,1441,1038,654,0.8885299563407898
5,1442,1054,643,0.8627341389656067
5,1443,1063,629,0.8627477884292603
5,1444,1076,612,0.8751482963562012
5,1445,1087,592,0.8821022510528564
5,1446,1098,569,0.8875004649162292
5,1447,1110,543,0.8925176858901978
5,1448,1123,513,0.8811652064323425
5,1449,1138,482,0.9112244248390198
5,1450,1147,465,0.9312456846237183
5,1451,1152,459,0.9149724245071411
5,1452,1146,459,0.919434130191803
5,1453,1133,459,0.920260488986969
5,1454,1130,461,0.9389461874961853
5,1455,1132,461,0.9433546662330627
5,1456,1137,460,0.9215456247329712
5,1457,1141,461,0.9359270334243774
5,1458,1146,464,0.9412050843238831
5,1459,1152,478,0.9419736862182617
5,1460,1168,499,0.9326619505882263
5,1461,1188,522,0.9352898597717285
5,1462,1206,532,0.9325796365737915
5,1463,1225,537,0.9343153238296509
5,1464,1247,537,0.9351565837860107
5,1465,1265,537,0.9251744747161865
5,1466,1289,536,0.9147828221321106
5,1467,1318,536,0.9327220916748047
5,1468,1337,536,0.934809684753418
5,1469,1344,536,0.9267805814743042
5,1470,1362,535,0.9174056053161621
5,1471,1389,534,0.9383148550987244
5,1472,1408,533,0.8970692753791809
5,1473,1413,534,0.8890124559402466
5,1474,1449,534,0.9282593131065369
5,1475,1486,532,0.9327484369277954
5,1476,1517,534,0.9149616360664368
5,1477,1553,535,0.8924956917762756
5,1478,1569,536,0.8987487554550171
5,1479,1575,535,0.8834971785545349
5,1480,1580,535,0.8940689563751221
5,1481,1585,536,0.8577448129653931
5,1482,1585,536,-1
5,1483,1585,536,-1
5,1484,1585,536,-1
5,1485,1585,536,-1
5,1486,1585,536,-1
5,1487,0,0,-2
5,1488,0,0,-2
5,1489,0,0,-2
5,1490,0,0,-2
5,1491,0,0,-2
5,1492,0,0,-2
5,1493,0,0,-2
