0,couch,617,481,1319,1036
1,couch,617,481,1317,1036
2,couch,617,481,1317,1036
3,couch,616,481,1317,1036
4,couch,617,482,1317,1036
5,couch,618,482,1317,1036
6,couch,616,481,1317,1036
7,couch,617,481,1317,1036
8,couch,615,481,1317,1036
9,couch,614,481,1317,1036
10,couch,614,481,1317,1036
11,couch,608,483,1318,1037
12,couch,615,481,1317,1036
13,couch,616,481,1317,1036
14,couch,616,481,1317,1036
15,couch,614,481,1317,1036
16,couch,613,481,1317,1036
17,couch,613,481,1317,1036
18,couch,611,481,1317,1036
19,couch,601,483,1318,1037
20,couch,592,482,1318,1037
21,couch,610,481,1318,1036
22,couch,610,481,1318,1036
23,couch,615,481,1318,1036
24,couch,615,481,1318,1036
25,couch,562,482,1318,1036
26,couch,548,482,1318,1036
27,couch,571,482,1319,1036
27,person,0,808,64,1072
28,couch,566,482,1319,1037
28,person,0,466,132,1015
29,person,0,296,185,978
29,couch,607,481,1318,1036
30,couch,617,481,1318,1036
30,person,0,77,237,950
31,person,0,9,281,1000
31,couch,614,481,1318,1036
32,person,0,5,318,1066
32,couch,616,481,1318,1036
33,person,1,4,348,1063
33,couch,617,481,1317,1036
34,person,1,3,371,1064
34,couch,614,481,1317,1036
35,person,1,4,392,1064
35,couch,617,481,1317,1037
36,person,1,4,406,1066
36,couch,618,481,1317,1036
37,person,1,4,424,1066
37,couch,618,481,1317,1036
38,person,1,2,460,1065
38,couch,619,481,1317,1036
39,person,0,3,495,1066
39,couch,618,481,1317,1036
40,person,0,3,515,1066
40,couch,618,480,1317,1036
41,person,0,2,540,1067
41,couch,616,480,1317,1036
42,person,19,1,552,1068
42,couch,614,480,1317,1036
43,person,61,1,568,1068
43,couch,613,480,1317,1037
44,person,97,1,581,1068
44,couch,617,480,1317,1036
45,person,134,2,593,1067
45,couch,617,481,1316,1036
46,person,172,2,613,1068
46,couch,618,480,1317,1036
47,person,208,2,633,1068
47,couch,615,481,1317,1036
48,person,243,1,657,1068
48,couch,619,481,1317,1036
49,person,280,2,699,1068
49,couch,642,480,1317,1037
49,chair,642,479,1317,1037
50,person,311,2,727,1070
50,couch,665,480,1317,1038
50,chair,666,480,1317,1036
51,person,345,2,760,1067
51,couch,690,480,1316,1036
52,person,373,2,780,1068
52,couch,712,481,1316,1038
53,person,395,3,802,1069
53,couch,738,481,1316,1038
54,person,414,1,821,1066
54,couch,756,481,1317,1038
55,person,433,1,845,1066
55,couch,761,481,1317,1038
56,person,451,1,868,1066
56,couch,764,480,1317,1038
57,person,468,1,890,1065
57,couch,772,481,1317,1038
58,person,484,6,909,1065
58,couch,781,481,1317,1038
59,person,508,15,931,1065
59,couch,793,481,1317,1037
60,person,527,25,947,1064
60,couch,818,482,1317,991
61,person,535,36,960,1066
61,couch,838,482,1317,985
62,person,543,46,976,1067
62,couch,839,482,1317,982
63,person,551,55,992,1068
64,person,565,60,1004,1069
64,couch,541,483,1318,975
65,person,580,63,1014,1070
65,couch,522,485,1318,974
66,person,598,68,1025,1066
67,person,625,69,1030,1067
67,couch,524,623,1317,971
68,person,651,70,1034,1066
68,couch,539,624,1317,975
69,person,683,71,1034,1071
69,couch,538,617,1318,983
70,person,717,71,1042,1068
70,couch,616,538,1319,999
70,chair,620,535,1318,1001
71,person,738,64,1052,1067
71,couch,618,533,1318,1027
71,chair,620,531,1318,1027
72,person,756,77,1067,1069
72,couch,618,535,1318,1031
73,person,775,77,1088,1069
73,couch,619,527,1318,1031
73,chair,620,525,1319,1032
74,person,793,75,1125,1070
74,couch,620,528,1318,1037
74,chair,620,527,1320,1035
75,person,812,80,1091,1071
75,couch,619,500,1319,1039
75,chair,620,502,1319,1040
76,person,827,88,1151,1073
76,couch,613,509,1316,1047
77,person,841,91,1198,1070
77,couch,594,514,1315,1037
78,person,855,94,1216,1069
78,couch,585,513,1317,1038
79,person,871,96,1220,1070
79,couch,603,516,1318,1039
80,person,874,100,1225,1072
80,couch,614,516,1317,1041
81,person,878,102,1232,1070
81,chair,615,520,1318,1038
82,person,880,102,1235,1070
82,chair,616,519,1318,1037
83,person,883,102,1228,1069
83,chair,618,518,1317,1037
84,person,907,105,1215,1069
84,chair,618,518,1321,1036
85,person,938,101,1228,1069
85,couch,619,519,1315,1039
86,person,960,97,1240,1064
86,couch,617,519,1305,1045
87,person,971,95,1244,1070
87,couch,617,515,1317,1036
88,person,973,94,1253,1066
88,couch,614,512,1315,1038
89,person,977,95,1242,1068
89,couch,615,507,1315,1038
90,person,984,94,1259,1069
90,couch,615,502,1315,1038
91,person,992,96,1280,1068
91,couch,616,502,1316,1036
92,person,1001,99,1290,1072
92,couch,615,500,1313,1035
93,person,1008,102,1293,1070
93,couch,618,498,1311,1039
94,person,1011,105,1298,1070
94,couch,617,496,1312,1038
95,person,1012,104,1302,1076
95,couch,618,490,1313,1038
96,person,1012,106,1305,1072
96,couch,617,487,1316,1036
97,person,1015,109,1306,1072
97,couch,617,482,1316,1036
98,person,1016,113,1300,1073
98,couch,618,480,1311,1039
99,person,1016,114,1299,1072
99,couch,617,479,1314,1037
100,person,1016,115,1304,1070
100,couch,617,480,1314,1037
101,person,1016,115,1316,1068
101,couch,617,481,1314,1037
102,person,1016,114,1329,1067
102,couch,615,483,1318,1036
103,person,1017,114,1336,1064
103,couch,613,483,1320,1036
104,person,1015,117,1340,1062
104,couch,612,483,1321,1037
105,person,1015,120,1340,1061
105,couch,610,483,1319,1037
106,person,1012,122,1338,1060
106,couch,609,483,1320,1038
107,person,1010,123,1332,1059
107,couch,603,483,1318,1037
108,person,1008,128,1324,1058
108,couch,609,484,1317,1037
109,person,1008,130,1312,1057
109,couch,606,486,1315,1037
110,person,1004,131,1299,1058
110,couch,609,489,1314,1036
111,person,998,133,1288,1057
111,couch,611,490,1314,1036
112,person,993,134,1280,1055
112,couch,615,494,1315,1038
113,person,989,135,1283,1055
113,couch,615,497,1316,1037
114,person,986,137,1277,1053
114,couch,615,498,1316,1036
115,person,980,140,1277,1052
115,couch,616,502,1317,1036
116,person,974,145,1273,1052
116,couch,616,507,1318,1036
117,person,966,150,1266,1052
117,couch,615,509,1318,1036
118,person,958,154,1266,1052
118,couch,614,512,1318,1036
119,person,948,160,1268,1051
119,couch,609,515,1318,1036
120,person,941,169,1277,1050
120,couch,617,517,1317,1036
121,person,932,178,1276,1051
121,chair,616,519,1318,1037
122,person,923,188,1281,1048
122,chair,617,519,1317,1036
123,person,913,200,1280,1047
123,chair,615,519,1317,1036
124,person,904,212,1279,1046
124,chair,615,521,1317,1037
125,person,893,229,1276,1045
125,chair,615,521,1318,1037
126,person,880,248,1275,1046
126,chair,613,520,1318,1036
127,person,870,272,1271,1043
127,chair,617,522,1318,1037
128,person,859,299,1269,1041
128,chair,617,524,1316,1036
129,person,844,328,1264,1035
129,chair,620,524,1317,1036
130,person,833,364,1261,1026
130,chair,620,522,1318,1037
131,person,824,392,1263,1010
131,chair,618,487,1317,1035
132,person,820,421,1258,985
132,chair,613,483,1318,1034
133,person,809,440,1256,956
133,chair,611,482,1317,1038
134,person,797,452,1248,944
134,chair,615,478,1318,1036
134,couch,617,481,1316,1038
135,person,788,456,1238,890
135,chair,612,479,1317,1038
135,couch,614,482,1316,1037
136,person,787,454,1225,855
136,couch,613,484,1316,1038
136,chair,609,481,1317,1037
137,person,786,448,1207,819
137,couch,605,485,1316,1038
138,person,798,441,1194,789
138,couch,613,490,1316,1037
139,person,777,433,1155,765
139,chair,615,493,1316,1037
140,person,772,428,1107,755
140,couch,615,497,1315,1036
141,person,775,424,1145,754
141,chair,618,496,1316,1036
142,person,774,424,1103,753
142,chair,617,496,1316,1036
143,person,772,426,1134,753
143,chair,617,496,1317,1036
144,person,773,430,1123,753
144,chair,616,495,1317,1036
145,person,774,436,1073,756
145,chair,613,494,1316,1036
146,person,776,443,1128,758
147,person,778,447,1128,764
147,couch,618,489,1318,1037
148,person,779,449,1137,780
148,couch,617,485,1318,1037
149,person,782,453,1142,787
149,couch,618,484,1316,1037
150,person,783,451,1141,792
150,chair,608,483,1318,1038
151,person,788,449,1144,794
151,chair,598,483,1318,1037
152,person,792,445,1148,794
152,chair,612,483,1318,1037
153,person,791,442,1149,795
153,chair,616,484,1317,1037
154,person,796,437,1151,796
154,chair,618,485,1318,1037
155,person,794,434,1150,798
155,chair,619,486,1317,1037
156,person,791,432,1150,799
156,chair,619,486,1317,1037
157,person,787,431,1149,797
157,chair,617,486,1317,1037
158,person,786,432,1149,797
158,chair,618,486,1317,1037
159,person,787,435,1148,795
159,chair,618,486,1318,1037
160,person,788,438,1148,794
160,chair,620,486,1317,1037
161,person,790,441,1148,792
161,chair,619,486,1317,1037
162,person,790,444,1146,791
162,chair,620,485,1318,1037
163,person,786,445,1145,790
163,chair,620,485,1318,1038
164,person,785,445,1146,789
164,chair,620,485,1317,1038
165,person,791,444,1146,789
165,chair,619,485,1317,1038
166,person,791,443,1147,789
166,chair,618,486,1317,1037
167,person,791,441,1149,789
167,chair,616,486,1317,1037
168,person,792,441,1147,790
168,chair,611,486,1317,1037
169,person,792,441,1147,792
169,chair,606,485,1317,1037
170,person,791,440,1148,793
170,chair,592,486,1317,1037
171,person,790,442,1149,795
171,chair,609,487,1317,1037
172,person,790,442,1148,795
172,chair,598,486,1317,1037
173,person,791,440,1149,795
173,chair,597,486,1317,1037
174,person,790,441,1150,796
174,chair,578,487,1317,1037
175,person,791,440,1150,800
175,chair,569,487,1317,1037
176,person,790,440,1152,802
176,chair,588,486,1317,1038
177,person,791,439,1157,802
177,chair,579,486,1317,1038
178,person,791,439,1165,798
178,chair,590,486,1316,1038
179,person,794,440,1180,789
179,chair,603,486,1316,1038
180,person,787,442,1199,782
180,chair,595,487,1316,1038
181,person,787,444,1222,787
181,chair,610,489,1317,1037
182,person,792,445,1242,795
182,chair,589,488,1317,1037
183,person,787,446,1258,806
183,couch,600,488,1316,1038
184,person,791,446,1272,811
184,couch,607,485,1317,1038
185,person,790,444,1284,829
185,couch,618,487,1318,1037
185,chair,619,487,1317,1038
186,person,790,442,1288,842
186,chair,615,484,1316,1038
187,person,795,438,1295,860
187,chair,613,482,1315,1039
188,person,799,434,1291,879
188,chair,613,481,1318,1038
189,person,812,428,1296,895
189,chair,618,482,1317,1038
190,person,821,422,1298,910
190,chair,618,484,1317,1038
191,person,827,416,1298,927
191,chair,617,482,1317,1038
192,person,831,411,1286,940
192,chair,616,482,1317,1038
193,person,833,406,1277,958
193,chair,616,482,1317,1037
194,person,837,403,1269,975
194,chair,613,481,1317,1037
195,person,841,399,1259,994
195,chair,616,493,1317,1037
196,person,845,396,1253,1010
196,chair,610,496,1317,1036
197,person,848,396,1243,1019
197,chair,600,520,1317,1037
198,person,852,397,1238,1033
198,chair,609,522,1318,1037
199,person,854,398,1234,1038
199,chair,615,522,1317,1037
200,person,856,401,1232,1043
200,chair,616,523,1316,1037
201,person,859,406,1234,1043
201,chair,612,523,1317,1037
202,person,867,410,1234,1043
202,chair,595,522,1318,1037
203,person,872,415,1234,1041
203,chair,617,521,1317,1038
204,person,882,419,1232,1041
204,chair,546,514,1317,1038
205,person,890,421,1232,1041
205,chair,578,492,1318,1039
206,person,899,422,1233,1041
206,chair,592,483,1319,1039
207,person,910,419,1234,1041
207,chair,541,480,1318,1038
208,person,917,413,1238,1041
208,chair,540,480,1318,1036
209,person,920,402,1245,1041
209,chair,544,480,1318,1036
210,person,921,386,1268,1040
210,chair,606,481,1318,1036
211,person,923,365,1283,1041
211,chair,610,479,1318,1038
212,person,925,342,1299,1041
212,chair,613,479,1318,1038
213,person,931,316,1319,1041
213,chair,604,484,1318,1037
214,person,936,289,1341,1043
214,chair,610,505,1318,1038
215,person,943,262,1351,1045
215,chair,610,511,1317,1038
216,person,956,231,1358,1047
216,chair,607,509,1317,1038
217,person,969,203,1361,1050
217,chair,615,509,1316,1038
218,person,980,178,1364,1048
218,chair,611,506,1316,1037
219,person,991,158,1364,1049
219,chair,617,501,1316,1036
220,person,998,139,1362,1049
220,chair,615,497,1316,1036
221,person,1000,125,1359,1049
221,couch,615,494,1319,1037
222,person,1000,119,1356,1049
222,couch,614,491,1319,1037
223,person,1000,118,1356,1047
223,couch,612,488,1319,1039
224,person,1002,119,1357,1049
224,couch,609,485,1319,1037
225,person,1005,122,1358,1051
225,couch,610,483,1318,1037
226,person,1006,122,1358,1051
226,couch,606,482,1318,1037
227,person,1008,119,1359,1047
227,couch,611,482,1316,1039
228,person,1008,116,1349,1047
228,couch,607,482,1317,1038
229,person,1008,115,1340,1047
229,couch,604,482,1317,1038
230,person,1008,114,1332,1047
230,couch,593,482,1317,1038
231,person,1007,114,1317,1050
231,couch,610,483,1316,1038
232,person,1007,114,1314,1050
232,couch,614,483,1316,1038
233,person,1007,114,1314,1048
233,couch,614,483,1316,1038
234,person,1006,113,1312,1048
234,couch,612,483,1316,1038
235,person,1004,113,1309,1047
235,couch,612,486,1317,1038
236,person,1003,112,1307,1047
236,couch,610,488,1316,1038
237,person,1002,114,1309,1046
237,couch,611,490,1317,1038
238,person,1002,111,1311,1044
238,couch,613,492,1317,1038
239,person,997,111,1310,1045
239,couch,611,494,1317,1038
240,person,991,109,1309,1054
240,couch,618,495,1316,1038
241,person,987,108,1306,1072
241,couch,617,496,1318,1037
242,person,982,107,1303,1075
242,couch,617,497,1316,1035
243,person,979,107,1302,1069
243,chair,617,500,1317,1036
244,person,977,107,1301,1065
244,chair,616,502,1318,1036
245,person,975,108,1302,1071
245,chair,616,506,1318,1036
246,person,970,108,1303,1072
246,chair,617,508,1318,1036
247,person,967,109,1301,1073
247,chair,618,512,1318,1037
248,person,961,109,1299,1071
248,chair,618,514,1319,1037
249,person,955,107,1293,1064
249,chair,615,518,1319,1036
250,person,945,105,1286,1049
250,chair,616,519,1320,1036
251,person,936,101,1277,1049
251,chair,615,521,1319,1036
252,person,924,96,1266,1053
252,chair,615,523,1318,1037
253,person,911,90,1257,1063
253,chair,609,521,1315,1039
254,person,896,84,1249,1063
254,couch,602,522,1309,1045
255,person,882,76,1241,1067
255,couch,598,523,1313,1047
256,person,869,67,1232,1066
256,couch,601,522,1315,1045
257,person,852,59,1218,1068
257,couch,607,522,1316,1043
258,person,837,53,1209,1069
258,couch,602,521,1316,1043
259,person,822,48,1200,1068
259,couch,606,526,1318,1040
260,person,807,43,1190,1065
260,couch,613,528,1317,1040
261,person,791,39,1181,1068
261,couch,615,526,1316,1042
262,person,778,36,1174,1064
262,couch,611,525,1316,1043
263,person,761,35,1168,1064
263,couch,614,530,1318,1039
263,chair,616,532,1318,1038
264,person,747,34,1162,1065
264,couch,615,533,1317,1044
264,chair,617,535,1318,1039
265,person,729,32,1156,1065
265,couch,615,532,1316,1042
265,chair,616,534,1318,1039
266,person,715,29,1148,1064
266,couch,621,525,1317,1043
266,chair,621,532,1319,1040
267,person,704,24,1142,1066
267,couch,608,525,1318,1038
267,chair,609,530,1319,1036
268,person,687,17,1132,1064
268,couch,616,574,1318,1023
269,person,673,7,1117,1067
269,couch,613,523,1318,1002
270,person,649,0,1096,1070
270,couch,543,485,1318,997
271,person,624,1,1077,1063
271,couch,537,481,1315,974
272,person,613,1,1045,1065
272,couch,520,481,1318,974
273,person,590,3,1012,1066
273,couch,505,481,1318,976
274,person,564,3,992,1066
274,couch,523,479,1318,974
275,person,540,1,974,1066
276,person,512,2,958,1068
277,person,489,1,937,1070
277,couch,875,480,1317,979
278,person,459,2,915,1069
279,person,441,2,888,1070
279,couch,197,478,1317,1063
280,person,410,2,863,1068
280,couch,198,479,1317,1061
280,couch,815,480,1317,992
281,person,384,0,839,1069
281,couch,790,479,1317,996
282,person,353,2,813,1070
282,couch,762,479,1317,1034
282,chair,1390,652,1919,1074
283,person,319,2,787,1069
283,couch,730,479,1317,1039
283,chair,730,479,1318,1039
284,person,275,1,756,1067
284,chair,695,479,1316,1037
285,person,210,1,711,1068
285,chair,663,478,1316,1038
286,person,143,1,671,1067
286,chair,634,478,1318,1038
287,person,73,2,637,1068
287,chair,615,479,1316,1038
288,person,4,1,605,1068
288,chair,614,479,1318,1038
288,couch,614,479,1318,1039
289,person,0,2,575,1068
289,chair,600,479,1317,1039
290,person,0,2,547,1067
290,couch,609,479,1318,1039
291,person,0,2,515,1067
291,couch,616,479,1318,1039
291,chair,615,479,1317,1039
292,person,0,2,484,1065
292,couch,613,480,1318,1038
293,person,1,3,450,1064
293,chair,615,479,1317,1038
293,couch,616,479,1318,1038
294,person,1,4,410,1064
294,chair,612,479,1317,1038
294,couch,614,479,1317,1039
295,person,1,4,387,1064
295,couch,617,479,1317,1038
295,chair,615,479,1317,1038
296,person,1,4,372,1064
296,couch,616,479,1317,1038
296,chair,613,479,1317,1037
297,person,1,4,352,1064
297,couch,610,479,1317,1037
298,person,1,5,319,1066
298,couch,604,479,1317,1037
299,person,0,62,271,1066
299,couch,612,478,1317,1037
300,person,0,179,216,1064
300,couch,615,478,1317,1037
301,person,0,345,115,1068
301,couch,615,478,1317,1037
302,couch,601,479,1317,1037
303,couch,600,479,1317,1037
304,couch,557,480,1317,1037
305,couch,542,480,1317,1037
306,couch,541,480,1317,1037
307,couch,557,480,1318,1037
308,couch,537,481,1317,1037
309,couch,533,480,1318,1037
310,couch,580,479,1317,1037
311,couch,562,479,1319,1037
312,couch,563,479,1319,1038
313,couch,602,479,1317,1037
314,couch,582,479,1317,1037
315,couch,538,480,1318,1037
316,couch,601,479,1317,1037
317,couch,585,479,1317,1037
318,couch,572,479,1317,1036
319,couch,541,481,1318,1036
320,couch,537,481,1317,1036
321,couch,553,480,1319,1037
322,couch,548,480,1318,1037
323,couch,534,481,1317,1037
324,couch,531,480,1317,1036
325,couch,543,481,1317,1036
326,couch,560,480,1318,1037
327,couch,541,480,1317,1037
328,couch,556,481,1317,1037
329,couch,547,481,1317,1036
330,couch,552,479,1317,1037
331,chair,416,493,796,1064
332,chair,415,493,796,1065
333,chair,416,493,796,1065
334,chair,416,493,796,1064
335,chair,416,493,796,1066
336,chair,416,493,796,1066
337,chair,416,492,796,1066
338,chair,415,492,796,1066
339,chair,415,492,796,1065
340,chair,416,492,796,1065
341,chair,416,492,796,1066
342,chair,416,492,796,1066
343,chair,416,492,796,1066
344,chair,416,492,796,1066
345,chair,416,492,796,1065
346,chair,416,492,795,1066
347,chair,416,492,795,1065
348,chair,416,492,795,1065
349,chair,416,492,795,1066
350,chair,416,492,795,1066
351,chair,416,492,795,1066
352,chair,416,492,795,1065
353,chair,416,492,796,1065
354,chair,416,492,796,1065
355,chair,416,492,796,1065
356,chair,416,492,796,1065
357,chair,416,492,796,1066
358,chair,416,492,796,1065
359,chair,416,492,796,1065
360,chair,416,492,796,1064
361,chair,416,492,796,1066
362,chair,416,492,796,1066
363,chair,416,492,796,1065
364,chair,416,493,796,1065
365,chair,416,493,796,1066
366,chair,416,492,796,1066
367,chair,416,493,796,1066
368,chair,416,492,796,1066
369,chair,416,492,796,1066
370,chair,416,492,796,1065
371,chair,416,492,796,1065
372,chair,416,493,796,1065
373,chair,416,493,796,1065
374,chair,416,492,796,1065
375,chair,416,493,796,1065
376,chair,416,492,796,1065
377,chair,416,492,797,1065
378,chair,416,492,796,1066
379,chair,416,492,796,1066
380,chair,416,492,796,1066
381,chair,416,492,796,1066
382,chair,416,492,796,1066
383,chair,416,492,796,1066
384,chair,416,492,796,1066
385,chair,416,492,796,1066
386,chair,416,492,796,1066
387,chair,416,492,796,1066
388,chair,416,492,796,1066
389,chair,416,493,796,1066
390,chair,416,492,796,1065
391,chair,416,492,797,1065
392,chair,415,492,797,1065
393,chair,416,493,796,1065
394,chair,416,492,796,1065
395,chair,416,492,796,1065
396,chair,416,492,796,1065
397,chair,416,492,796,1065
398,chair,416,492,796,1065
399,chair,416,492,796,1066
400,chair,416,492,796,1066
401,chair,416,492,796,1066
402,chair,416,492,796,1066
403,chair,415,492,796,1066
404,chair,416,492,796,1066
405,chair,416,492,796,1066
406,chair,416,492,796,1066
407,chair,416,492,796,1066
408,chair,416,492,796,1066
409,chair,416,492,796,1066
410,chair,416,492,796,1065
411,chair,416,492,795,1065
412,chair,416,492,796,1065
413,chair,416,492,796,1066
414,chair,416,492,796,1065
415,chair,416,492,796,1065
416,chair,416,492,796,1066
417,chair,416,492,796,1066
418,chair,416,492,796,1066
419,chair,416,492,796,1066
420,chair,416,492,795,1066
421,chair,416,492,795,1066
422,chair,416,493,796,1066
423,chair,416,492,796,1066
424,chair,416,493,796,1066
425,chair,416,492,796,1065
426,chair,416,493,796,1067
427,chair,416,492,796,1067
428,chair,416,493,796,1066
429,chair,416,493,795,1066
430,chair,416,493,796,1065
431,chair,416,493,796,1065
432,chair,416,492,796,1066
433,chair,416,492,796,1066
434,chair,416,493,796,1067
435,chair,416,492,796,1067
436,chair,416,493,796,1066
437,chair,415,492,796,1066
438,chair,416,492,796,1066
439,chair,416,492,795,1067
439,person,0,204,121,777
440,chair,416,492,795,1067
440,person,0,197,129,782
441,chair,416,492,796,1066
441,person,0,184,133,787
442,chair,416,492,796,1067
442,person,0,57,137,789
443,chair,416,492,796,1067
443,person,0,40,143,798
444,chair,416,492,796,1066
444,person,0,34,141,797
445,chair,416,492,796,1067
445,person,0,27,142,797
446,chair,416,492,796,1067
446,person,0,23,144,798
447,chair,416,492,796,1067
447,person,0,19,152,798
448,chair,416,492,796,1067
448,person,0,18,166,798
449,chair,416,492,797,1066
449,person,0,20,184,801
450,chair,416,492,796,1067
450,person,0,17,205,804
451,chair,416,492,796,1067
451,person,0,17,220,822
452,chair,416,492,796,1067
452,person,0,20,246,837
453,chair,416,492,797,1067
453,person,0,22,263,837
454,chair,415,493,796,1067
454,person,0,25,287,837
455,chair,415,493,796,1067
455,person,4,28,301,839
456,chair,415,493,796,1066
456,person,20,32,319,852
457,chair,415,493,796,1066
457,person,34,30,333,864
458,chair,415,493,796,1067
458,person,49,30,354,870
459,chair,414,493,796,1068
459,person,65,25,361,873
460,chair,414,493,796,1066
460,person,81,22,369,877
461,chair,414,493,796,1066
461,person,97,15,376,877
462,chair,414,493,796,1066
462,person,108,12,377,878
463,chair,415,493,796,1066
463,person,128,9,399,880
464,chair,415,493,796,1066
464,person,142,3,426,880
465,chair,414,493,796,1066
465,person,157,3,441,879
466,chair,414,494,796,1066
466,person,171,4,454,879
467,chair,415,493,796,1067
467,person,192,4,467,880
468,chair,415,493,796,1067
468,person,209,8,513,882
469,chair,415,494,796,1067
469,person,225,11,512,881
470,chair,415,496,796,1065
470,person,243,15,525,879
471,chair,415,495,796,1066
471,person,253,21,542,875
472,chair,415,492,796,1068
472,person,258,27,564,879
473,chair,415,494,796,1067
473,person,262,32,581,876
474,chair,415,493,797,1067
474,person,262,35,601,876
475,chair,414,493,796,1067
475,person,267,40,620,871
476,chair,414,493,796,1068
476,person,352,37,641,872
477,chair,415,494,796,1067
477,person,378,38,657,862
478,chair,415,496,797,1067
478,person,399,37,675,858
479,chair,414,495,797,1067
479,person,417,36,687,668
480,chair,415,495,797,1066
480,person,432,34,703,683
481,chair,416,494,797,1067
481,person,444,32,716,871
482,chair,416,492,797,1068
482,person,455,31,727,685
483,chair,415,495,797,1067
483,person,460,31,742,848
484,chair,416,493,797,1067
484,person,466,33,746,864
485,chair,416,494,796,1066
485,person,472,34,759,864
486,chair,416,494,796,1066
486,person,479,35,767,865
487,chair,415,494,796,1066
487,person,487,36,773,857
488,chair,416,494,797,1066
488,person,494,38,778,855
489,chair,415,494,797,1066
489,person,501,38,797,863
490,chair,415,495,801,1066
490,person,511,39,800,829
491,chair,416,494,802,1066
491,person,521,39,854,870
492,chair,416,494,799,1066
492,person,529,39,869,892
493,chair,416,493,800,1068
493,person,538,40,876,908
494,chair,416,493,799,1067
494,person,542,41,855,922
495,chair,416,493,801,1068
495,person,552,41,856,929
496,chair,415,493,800,1067
496,person,559,40,864,887
497,chair,415,493,800,1067
497,person,562,41,876,902
498,chair,415,493,800,1067
498,person,569,40,883,889
499,chair,416,493,803,1067
499,person,568,41,889,903
500,chair,415,493,807,1067
500,person,571,46,899,916
501,chair,415,493,808,1067
501,person,581,50,909,939
502,chair,416,493,815,1066
502,person,582,57,921,959
503,chair,415,493,814,1068
503,person,587,64,928,959
504,chair,415,493,807,1068
504,person,591,73,929,956
505,chair,416,493,804,1067
505,person,592,83,933,954
506,chair,416,493,800,1068
506,person,592,93,938,953
507,chair,416,493,799,1067
507,person,592,106,943,949
508,chair,416,493,803,1067
508,person,592,120,945,949
509,person,591,134,946,954
509,chair,416,493,800,1066
510,person,589,148,948,951
510,chair,415,492,802,1067
511,chair,416,492,802,1067
511,person,585,160,947,950
512,chair,416,493,801,1066
512,person,581,172,948,949
513,person,578,184,948,952
513,chair,416,494,802,1066
514,person,573,192,947,952
514,chair,415,495,800,1066
515,person,570,194,946,952
515,chair,414,496,800,1066
516,person,567,193,946,951
516,chair,415,495,800,1066
517,person,564,192,944,950
517,chair,414,496,800,1066
518,person,559,191,943,951
518,chair,415,494,800,1067
519,person,552,191,942,951
519,chair,415,495,799,1067
520,person,548,191,942,951
520,chair,415,495,798,1067
521,person,546,190,942,950
521,chair,415,495,799,1067
522,person,545,188,942,950
522,chair,415,495,797,1067
523,person,545,187,942,949
523,chair,415,495,799,1067
524,person,548,185,942,952
524,chair,415,495,799,1067
525,person,550,184,942,951
525,chair,415,495,799,1067
526,person,551,183,942,952
526,chair,415,495,799,1068
527,person,552,183,942,952
527,chair,414,496,797,1067
528,person,557,183,943,951
528,chair,415,495,799,1068
529,person,558,183,943,950
529,chair,415,496,799,1067
530,person,562,184,943,950
530,chair,414,497,799,1067
531,person,564,184,943,950
531,chair,414,496,799,1067
532,person,564,184,943,951
532,chair,414,496,798,1067
533,person,563,185,944,951
533,chair,414,496,798,1068
534,person,562,186,943,952
534,chair,414,496,799,1068
535,person,563,186,944,952
535,chair,414,496,799,1067
536,person,564,187,943,952
536,chair,414,496,798,1067
537,person,564,187,943,953
537,chair,414,496,798,1067
538,person,563,187,944,954
538,chair,414,496,797,1067
539,person,563,187,944,954
539,chair,414,496,797,1067
540,person,563,187,943,953
540,chair,416,494,797,1067
541,person,563,187,944,953
541,chair,414,496,797,1067
542,person,563,187,944,954
542,chair,414,496,797,1067
543,person,563,187,943,953
543,chair,414,496,798,1067
544,person,563,187,943,953
544,chair,414,496,798,1067
545,person,563,187,944,953
545,chair,414,496,798,1067
546,person,563,187,944,953
546,chair,414,496,798,1067
547,person,563,187,944,953
547,chair,414,496,798,1067
548,person,563,188,944,953
548,chair,414,496,798,1067
549,person,563,187,944,953
549,chair,414,496,799,1067
550,person,563,187,944,953
550,chair,414,496,798,1067
551,person,564,188,944,953
551,chair,414,496,798,1067
552,person,563,188,944,952
552,chair,415,497,798,1066
553,person,563,188,946,953
553,chair,414,496,798,1066
554,person,563,188,945,953
554,chair,415,496,798,1066
555,person,563,188,945,953
555,chair,415,496,797,1067
556,person,563,188,945,953
556,chair,415,496,797,1066
557,person,563,188,946,954
557,chair,415,496,798,1067
558,person,563,188,945,953
558,chair,414,496,797,1067
559,person,563,188,945,952
559,chair,414,496,798,1067
560,person,563,188,945,952
560,chair,414,496,798,1067
561,person,563,188,945,950
561,chair,416,494,798,1067
562,person,563,188,945,948
562,chair,415,495,798,1067
563,person,563,189,945,949
563,chair,415,495,796,1067
564,person,565,189,945,947
564,chair,416,495,798,1067
565,person,566,190,944,945
565,chair,416,494,798,1066
566,person,568,190,944,944
566,chair,417,494,799,1066
567,person,571,191,944,947
567,chair,416,494,798,1067
568,chair,415,495,803,1067
568,person,576,190,945,952
569,chair,415,494,801,1069
569,person,580,185,946,956
570,chair,415,493,800,1068
570,person,588,178,945,955
571,chair,415,493,800,1068
571,person,592,169,945,952
572,chair,415,492,801,1068
572,person,595,155,944,950
573,chair,415,493,801,1068
573,person,598,137,944,950
574,chair,415,493,799,1068
574,person,600,120,943,952
575,chair,415,493,802,1069
575,person,604,100,942,952
576,chair,415,493,801,1068
576,person,608,81,941,948
577,chair,415,493,803,1068
577,person,612,61,939,943
578,chair,415,493,806,1068
578,person,616,44,937,947
579,chair,415,493,799,1068
579,person,619,30,935,954
580,chair,415,493,800,1068
580,person,621,18,937,948
581,chair,415,493,799,1068
581,person,621,9,927,959
582,chair,415,492,798,1068
582,person,623,4,924,953
583,chair,415,492,801,1068
583,person,625,5,917,882
584,chair,415,492,798,1068
584,person,625,5,918,870
585,chair,415,493,802,1066
585,person,625,6,922,870
586,chair,415,493,800,1066
586,person,621,8,921,867
587,chair,415,493,798,1066
587,person,617,9,921,899
588,chair,414,493,802,1066
588,person,616,10,921,875
589,chair,415,493,798,1067
589,person,610,11,920,887
590,chair,415,493,800,1066
590,person,607,11,915,895
591,chair,415,493,801,1068
591,person,603,11,909,898
592,chair,415,493,800,1067
592,person,598,14,902,936
593,chair,415,493,800,1067
593,person,593,15,891,914
594,chair,415,493,805,1066
594,person,586,13,881,898
595,chair,415,492,800,1066
595,person,579,15,876,887
596,chair,415,493,799,1067
596,person,568,15,872,888
597,chair,415,492,798,1067
597,person,555,15,873,889
598,chair,416,493,798,1066
598,person,549,16,871,892
599,chair,416,492,801,1065
599,person,537,20,864,891
600,chair,416,492,797,1064
600,person,525,23,853,890
601,chair,416,493,798,1064
601,person,506,24,841,889
602,chair,416,493,798,1066
602,person,494,23,821,889
603,chair,416,493,798,1065
603,person,477,24,800,876
604,chair,416,494,797,1066
604,person,463,22,777,886
605,chair,416,494,797,1066
605,person,451,22,745,819
606,chair,416,494,796,1066
606,person,438,18,708,865
607,chair,416,494,796,1066
607,person,424,17,690,888
608,chair,416,494,797,1066
608,person,414,19,675,678
609,chair,416,493,796,1067
609,person,402,20,663,630
610,chair,416,494,796,1067
610,person,390,20,651,606
611,chair,416,499,796,1066
612,chair,415,499,797,1066
613,chair,415,496,798,1066
613,person,353,30,617,816
614,chair,414,494,798,1067
614,person,335,33,609,863
615,chair,415,494,797,1067
615,person,296,35,589,804
616,chair,415,495,797,1065
616,person,285,38,576,810
617,chair,415,495,796,1065
617,person,273,39,558,810
618,chair,416,494,796,1065
618,person,266,39,540,812
619,chair,415,494,796,1064
619,person,253,39,527,815
620,chair,415,495,795,1066
620,person,236,39,496,816
621,chair,415,494,796,1068
621,person,221,36,518,817
622,chair,414,493,796,1068
622,person,208,33,515,820
623,chair,415,493,796,1067
623,person,194,30,459,815
624,chair,415,492,797,1067
624,person,179,27,432,815
625,chair,414,494,797,1067
625,person,166,26,420,822
626,chair,414,494,797,1067
626,person,151,25,404,817
627,chair,414,494,797,1067
627,person,133,26,389,813
628,chair,414,494,797,1066
628,person,99,27,373,814
629,chair,414,493,796,1065
629,person,56,31,362,813
630,chair,414,493,797,1067
630,person,21,35,353,812
631,chair,414,493,797,1067
631,person,5,37,352,812
632,chair,415,493,797,1067
632,person,1,41,352,809
633,chair,415,493,797,1067
633,person,5,43,349,808
634,chair,415,492,797,1067
634,person,4,44,343,803
635,chair,415,492,797,1067
635,person,0,40,333,804
636,chair,415,493,797,1067
636,person,0,38,315,800
636,person,203,377,464,774
637,chair,415,492,796,1066
637,person,0,35,302,791
637,person,185,377,463,775
638,chair,415,492,795,1067
638,person,0,32,261,781
639,chair,415,492,795,1067
639,person,0,27,227,782
640,chair,416,492,796,1067
640,person,0,24,193,782
641,chair,416,492,796,1066
641,person,0,22,180,782
642,chair,416,492,796,1067
642,person,0,22,168,781
643,chair,416,492,795,1067
643,person,0,26,157,782
644,chair,416,492,796,1067
644,person,0,29,148,783
645,chair,415,492,796,1067
645,person,0,37,136,782
646,chair,416,492,796,1066
646,person,0,44,127,781
647,chair,416,492,796,1067
647,person,0,53,116,778
648,chair,416,493,796,1067
648,person,0,66,108,778
649,chair,416,492,796,1067
650,chair,416,492,796,1067
650,person,0,103,93,774
651,chair,416,492,796,1067
651,person,0,144,84,772
652,chair,416,492,796,1067
652,person,0,151,76,769
653,chair,416,492,796,1067
653,person,0,158,68,743
654,chair,416,492,796,1067
655,chair,416,492,797,1067
656,chair,416,492,797,1067
657,chair,416,492,797,1066
658,chair,416,492,796,1066
659,chair,416,492,797,1066
660,chair,416,493,797,1066
661,chair,416,493,796,1065
662,chair,416,493,797,1065
663,chair,416,493,797,1065
664,refrigerator,781,224,1009,847
665,refrigerator,782,224,1009,847
666,refrigerator,779,224,1009,847
667,refrigerator,775,224,1009,847
668,refrigerator,772,224,1009,847
669,refrigerator,771,225,1009,847
670,refrigerator,773,225,1010,848
671,refrigerator,770,225,1009,848
672,refrigerator,762,226,1010,849
673,refrigerator,765,226,1010,849
674,refrigerator,764,226,1009,849
675,refrigerator,765,226,1009,849
676,refrigerator,764,227,1009,849
677,refrigerator,767,227,1009,850
678,refrigerator,769,228,1010,850
679,refrigerator,776,228,1010,850
680,refrigerator,778,228,1010,850
681,refrigerator,777,228,1010,850
682,refrigerator,776,228,1010,850
683,refrigerator,777,228,1010,851
684,refrigerator,778,228,1010,850
685,refrigerator,775,228,1009,850
686,refrigerator,776,228,1010,851
687,refrigerator,776,229,1010,851
688,refrigerator,776,229,1009,851
689,refrigerator,776,230,1010,851
690,refrigerator,780,230,1011,852
693,refrigerator,775,231,1012,853
697,refrigerator,708,231,1013,854
699,refrigerator,783,232,1013,853
700,refrigerator,782,233,1012,853
701,refrigerator,783,234,1012,853
702,refrigerator,784,235,1012,854
703,refrigerator,781,235,1012,854
705,refrigerator,659,235,1010,851
706,refrigerator,659,235,1010,852
707,refrigerator,660,235,1010,852
708,refrigerator,660,236,1010,853
709,refrigerator,658,238,1011,855
709,person,1005,267,1058,478
710,refrigerator,658,238,1011,855
710,person,1004,263,1074,486
711,refrigerator,658,238,1011,855
711,person,1005,260,1089,489
712,refrigerator,659,238,1011,856
712,person,1005,259,1097,491
713,refrigerator,657,238,1011,855
713,person,1005,258,1104,494
714,person,1005,257,1112,488
714,refrigerator,658,237,1011,850
715,person,1006,257,1118,482
715,refrigerator,765,239,1012,857
716,person,1005,257,1124,479
716,refrigerator,732,239,1013,857
717,person,1006,258,1129,480
717,refrigerator,661,238,1012,852
718,person,1007,259,1136,481
718,refrigerator,657,239,1011,857
719,person,1007,260,1143,486
719,refrigerator,657,240,1012,858
720,person,1010,262,1149,488
720,refrigerator,660,241,1012,858
721,person,1017,262,1157,490
721,refrigerator,689,241,1013,859
722,person,1026,261,1164,493
723,refrigerator,767,241,1012,860
723,person,1037,260,1174,493
724,person,1047,260,1179,496
724,refrigerator,768,241,1013,860
725,refrigerator,748,241,1013,861
725,person,1054,261,1185,500
726,person,1059,260,1188,615
726,refrigerator,661,241,1012,854
727,person,1064,258,1189,615
727,refrigerator,661,241,1012,855
728,person,1070,258,1191,627
728,refrigerator,661,241,1013,855
729,person,1073,258,1194,633
729,refrigerator,657,241,1012,859
730,person,1078,257,1197,629
730,refrigerator,658,242,1012,860
731,person,1083,257,1200,622
731,refrigerator,660,242,1012,861
732,person,1087,256,1210,612
732,refrigerator,660,242,1013,861
733,person,1092,256,1216,641
734,person,1095,256,1220,658
734,refrigerator,662,244,1013,862
735,person,1099,255,1228,670
735,refrigerator,792,244,1013,860
735,refrigerator,656,245,1013,860
736,person,1102,255,1256,676
736,refrigerator,657,244,1013,861
737,person,1104,256,1257,676
737,refrigerator,657,245,1014,858
738,person,1104,258,1255,671
738,refrigerator,657,246,1013,862
739,person,1107,257,1245,671
739,refrigerator,657,245,1012,864
740,person,1115,256,1243,668
740,refrigerator,658,246,1011,867
741,person,1121,255,1252,662
741,refrigerator,720,246,1013,864
742,person,1127,254,1261,660
743,person,1130,253,1263,662
743,refrigerator,773,246,1013,864
744,person,1132,252,1263,662
744,refrigerator,774,246,1013,865
745,person,1133,251,1263,662
745,refrigerator,775,248,1013,865
746,person,1135,250,1263,663
746,refrigerator,740,248,1014,867
747,person,1135,250,1263,669
747,refrigerator,779,248,1013,864
748,person,1135,249,1263,674
748,refrigerator,783,248,1013,866
749,person,1134,249,1263,680
749,refrigerator,783,248,1013,865
750,person,1132,249,1263,696
750,refrigerator,781,248,1013,865
751,person,1128,249,1263,731
751,refrigerator,769,249,1013,866
752,person,1124,250,1263,754
752,refrigerator,763,250,1013,866
753,person,1120,251,1263,764
753,refrigerator,768,251,1013,868
754,person,1118,251,1263,744
754,refrigerator,769,252,1012,868
755,person,1115,251,1263,767
755,refrigerator,766,251,1012,868
756,person,1110,250,1263,769
756,refrigerator,740,251,1012,869
757,person,1105,248,1263,769
758,person,1100,245,1263,769
758,refrigerator,769,252,1011,870
759,person,1095,243,1263,770
759,refrigerator,780,252,1010,869
760,person,1090,241,1263,770
760,refrigerator,785,253,1010,869
761,person,1084,241,1263,769
761,refrigerator,656,254,1011,870
762,person,1078,241,1263,771
762,refrigerator,787,253,1011,871
763,person,1072,242,1263,773
763,refrigerator,786,254,1011,871
764,person,1068,242,1263,769
765,person,1060,243,1263,772
765,refrigerator,654,256,1010,873
766,person,1054,242,1263,763
766,refrigerator,658,255,1010,871
767,person,1044,241,1263,730
768,person,1040,241,1263,774
769,person,1034,241,1263,778
769,refrigerator,657,256,1012,872
770,person,1035,241,1262,790
770,refrigerator,656,258,1012,875
771,person,1031,243,1263,812
771,refrigerator,658,258,1012,875
772,person,1029,243,1263,828
772,refrigerator,661,258,1012,873
773,person,1027,244,1262,840
773,refrigerator,711,259,1012,873
774,person,1026,243,1262,854
775,person,1025,242,1262,861
776,person,1022,238,1262,862
776,refrigerator,661,259,1012,873
777,person,1015,233,1262,853
777,refrigerator,658,258,1011,875
778,person,1012,231,1263,857
778,refrigerator,658,258,1011,876
779,person,1008,229,1263,863
779,refrigerator,657,258,1011,876
780,person,1002,226,1263,864
780,refrigerator,656,258,1011,876
781,person,994,224,1260,864
781,refrigerator,657,258,1012,876
782,person,989,221,1242,864
782,refrigerator,657,258,1012,876
783,person,981,218,1225,863
783,refrigerator,658,258,1012,875
784,person,974,217,1214,865
784,refrigerator,657,259,1013,875
785,person,968,215,1208,866
785,refrigerator,658,258,1012,875
786,person,961,214,1204,885
786,refrigerator,656,258,1012,875
787,person,957,214,1198,906
787,refrigerator,656,258,1012,875
788,person,951,216,1192,922
788,refrigerator,656,259,1012,875
789,person,946,217,1186,938
789,refrigerator,657,259,1012,872
790,person,941,216,1180,948
790,refrigerator,656,258,1010,875
791,refrigerator,657,258,1007,874
791,person,932,214,1173,950
792,person,921,210,1169,951
792,refrigerator,657,258,1009,875
793,person,910,205,1167,951
793,refrigerator,657,258,1022,875
794,person,901,203,1164,951
794,refrigerator,657,258,1015,875
795,person,897,201,1161,952
795,refrigerator,658,258,1011,875
796,refrigerator,657,258,1007,874
796,person,896,200,1159,951
797,refrigerator,658,258,1003,875
797,person,891,199,1156,952
798,refrigerator,657,258,999,874
798,person,890,197,1153,951
799,refrigerator,658,258,995,874
799,person,892,196,1151,971
800,refrigerator,657,259,994,874
800,person,892,196,1150,1000
801,refrigerator,657,258,992,874
801,person,896,195,1150,1028
802,person,898,193,1150,1048
802,refrigerator,658,259,992,872
803,person,895,192,1149,1056
803,refrigerator,656,259,993,875
804,person,893,191,1149,1058
804,refrigerator,657,259,996,872
805,person,896,190,1149,1060
805,refrigerator,657,259,1001,873
806,person,899,187,1151,1063
806,refrigerator,656,259,1004,876
807,person,899,185,1156,1064
807,refrigerator,774,258,1010,876
808,person,904,182,1164,1064
808,refrigerator,775,259,1013,875
808,refrigerator,657,259,1013,873
809,person,906,178,1170,1065
809,refrigerator,657,259,1014,873
809,refrigerator,772,259,1014,875
810,person,908,174,1177,1063
810,refrigerator,771,259,1016,876
811,person,912,171,1183,1064
811,refrigerator,656,259,1020,871
812,person,908,168,1187,1065
812,refrigerator,656,259,1020,875
813,person,900,165,1191,1063
813,refrigerator,656,259,1022,876
814,person,901,162,1196,1063
814,refrigerator,656,259,1026,873
815,person,897,162,1201,1063
815,refrigerator,657,258,1028,874
815,refrigerator,775,258,1029,876
816,person,893,161,1208,1062
816,refrigerator,785,258,1032,875
817,person,892,160,1213,1062
817,refrigerator,788,258,1034,874
818,person,893,161,1216,1063
818,refrigerator,784,258,1034,874
818,refrigerator,657,259,1034,872
819,person,893,161,1217,1063
819,refrigerator,788,258,1034,874
820,person,892,163,1219,1063
820,refrigerator,785,258,1035,874
821,person,890,163,1222,1064
821,refrigerator,782,258,1036,872
822,person,889,165,1230,1063
822,refrigerator,656,259,1037,873
823,person,889,167,1242,1063
823,refrigerator,657,259,1036,872
823,refrigerator,785,258,1038,873
824,person,889,170,1252,1061
824,refrigerator,781,258,1038,874
824,refrigerator,656,258,1037,872
825,person,887,173,1259,1063
825,refrigerator,656,258,1036,872
826,person,887,178,1262,1062
826,refrigerator,656,259,1037,872
827,person,883,182,1262,1062
827,refrigerator,656,259,1036,873
828,person,888,186,1262,1061
828,refrigerator,656,259,1036,873
829,person,888,189,1262,1059
829,refrigerator,655,259,1029,872
830,person,888,191,1262,1057
830,refrigerator,656,259,1017,872
831,person,888,193,1262,1052
831,refrigerator,656,259,1017,872
832,person,887,196,1262,1048
832,refrigerator,783,258,1014,875
833,person,887,198,1263,1042
833,refrigerator,656,259,1015,873
834,person,886,199,1263,1038
834,refrigerator,656,258,1015,873
835,person,884,200,1263,1034
835,refrigerator,656,258,1015,873
835,refrigerator,786,257,1013,875
836,person,886,203,1263,1030
836,refrigerator,656,258,1015,872
837,person,886,205,1263,1028
837,refrigerator,657,257,1015,871
837,refrigerator,784,257,1013,875
838,person,881,207,1263,1027
838,refrigerator,656,258,1016,872
839,person,884,211,1263,1025
839,refrigerator,655,257,1016,871
840,person,883,214,1263,1024
840,refrigerator,655,258,1016,872
841,person,882,216,1262,1027
841,refrigerator,655,257,1018,872
842,person,881,219,1262,1027
842,refrigerator,656,257,1017,871
842,refrigerator,777,257,1015,874
843,person,879,220,1263,1026
843,refrigerator,779,256,1020,872
844,person,879,221,1262,1026
844,refrigerator,781,255,1020,873
845,person,877,221,1262,1026
845,refrigerator,783,255,1043,872
846,person,877,221,1262,1025
846,refrigerator,778,255,1029,872
847,person,878,221,1262,1025
847,refrigerator,775,255,1024,872
848,person,878,220,1262,1024
848,refrigerator,782,255,1034,871
849,person,879,219,1262,1024
849,refrigerator,777,255,1028,871
850,person,881,218,1263,1025
850,refrigerator,780,255,1033,871
851,person,886,216,1263,1025
851,refrigerator,655,256,1041,870
852,person,889,215,1263,1025
852,refrigerator,654,257,1048,876
853,person,890,215,1263,1025
853,refrigerator,654,256,1046,875
854,person,890,214,1263,1025
854,refrigerator,656,255,1045,875
855,person,890,213,1263,1025
855,refrigerator,656,254,1044,875
856,person,890,212,1263,1025
856,refrigerator,656,254,1045,875
857,person,892,212,1263,1025
857,refrigerator,656,254,1042,875
858,person,899,214,1263,1023
858,refrigerator,657,254,1043,877
859,person,905,213,1263,1024
859,refrigerator,657,254,1046,879
860,person,912,214,1263,1025
860,refrigerator,657,254,1050,879
861,person,923,216,1263,1025
861,refrigerator,658,255,1049,881
862,person,934,217,1263,1024
862,refrigerator,658,254,1048,880
863,person,951,218,1263,1024
863,refrigerator,657,254,1049,881
864,person,965,221,1263,1023
864,refrigerator,658,254,1044,882
865,person,978,224,1263,1022
865,refrigerator,658,254,1030,882
866,person,992,224,1263,1023
866,refrigerator,659,254,1040,881
867,person,997,226,1263,1023
867,refrigerator,659,254,1042,880
868,person,998,229,1263,1023
868,refrigerator,656,253,1048,880
869,person,999,232,1263,1023
869,refrigerator,660,253,1057,879
870,person,999,235,1263,1022
870,refrigerator,658,253,1064,878
871,person,997,240,1263,1022
871,refrigerator,661,254,1071,878
872,person,997,243,1263,1023
872,refrigerator,661,254,1079,876
873,person,996,246,1262,1022
873,refrigerator,660,255,1084,875
874,person,995,252,1262,1022
874,refrigerator,660,254,1092,874
875,person,993,259,1263,1022
875,refrigerator,661,254,1098,874
876,person,993,267,1263,1021
876,refrigerator,659,254,1106,872
877,person,989,275,1263,1020
877,refrigerator,657,253,1111,873
878,person,986,285,1262,1021
878,refrigerator,658,255,1117,873
879,person,979,293,1262,1021
879,refrigerator,656,253,1118,872
880,person,977,302,1262,1020
880,refrigerator,656,253,1118,872
881,person,974,311,1262,1021
881,refrigerator,656,253,1122,872
882,person,964,320,1263,1020
882,refrigerator,658,253,1121,872
883,person,974,329,1262,1022
883,refrigerator,660,254,1120,871
884,person,959,338,1263,1020
884,refrigerator,655,253,1121,873
885,person,950,347,1262,1020
885,refrigerator,657,253,1122,871
886,person,941,355,1263,1020
886,refrigerator,658,253,1119,872
887,person,935,363,1263,1020
887,refrigerator,657,253,1120,871
888,person,927,369,1263,1020
888,refrigerator,657,253,1120,869
889,person,916,376,1263,1020
889,refrigerator,658,253,1118,869
890,person,913,381,1262,1019
890,refrigerator,658,253,1116,869
891,person,910,385,1262,1020
891,refrigerator,658,254,1116,868
892,person,899,386,1263,1020
892,refrigerator,658,254,1114,867
893,person,902,388,1263,1018
893,refrigerator,657,254,1114,868
894,person,899,389,1263,1018
894,refrigerator,654,252,1113,869
895,person,903,389,1262,1018
895,refrigerator,653,251,1110,869
896,person,903,388,1263,1018
896,refrigerator,658,253,1108,867
897,person,907,388,1263,1018
897,refrigerator,658,253,1106,867
898,person,904,388,1263,1018
898,refrigerator,658,253,1105,868
899,person,897,386,1263,1018
899,refrigerator,658,253,1102,868
900,person,892,385,1263,1019
900,refrigerator,658,253,1101,868
901,person,889,385,1263,1018
901,refrigerator,658,253,1098,868
902,person,879,384,1263,1018
902,refrigerator,658,253,1096,868
903,person,879,384,1263,1019
903,refrigerator,658,252,1095,868
904,person,882,383,1263,1019
904,refrigerator,658,252,1095,868
905,person,881,383,1263,1019
905,refrigerator,658,252,1094,868
906,person,874,383,1262,1019
906,refrigerator,658,251,1092,868
907,person,874,382,1263,1018
907,refrigerator,654,251,1093,870
908,person,871,381,1262,1018
908,refrigerator,656,251,1091,869
909,person,875,380,1263,1018
909,refrigerator,655,251,1090,869
910,person,875,380,1263,1018
910,refrigerator,659,252,1089,868
911,person,873,380,1262,1019
911,refrigerator,658,252,1090,869
912,person,873,378,1262,1018
912,refrigerator,657,252,1090,869
913,person,877,377,1262,1018
913,refrigerator,656,251,1088,869
914,person,875,377,1263,1019
914,refrigerator,659,251,1088,868
915,person,878,376,1263,1016
915,refrigerator,659,251,1088,869
916,person,873,376,1263,1018
916,refrigerator,659,251,1088,868
917,person,869,375,1263,1019
917,refrigerator,658,250,1087,868
918,person,868,376,1262,1018
918,refrigerator,658,250,1086,868
919,person,869,376,1262,1018
919,refrigerator,655,249,1085,869
920,person,868,376,1262,1019
920,refrigerator,659,250,1083,869
921,person,867,376,1262,1018
921,refrigerator,658,250,1082,868
922,person,867,376,1262,1019
923,person,867,377,1262,1018
923,refrigerator,655,249,1081,869
924,person,867,377,1262,1019
924,refrigerator,656,250,1080,868
925,person,867,377,1262,1017
925,refrigerator,658,250,1079,868
926,person,868,379,1262,1019
926,refrigerator,658,250,1078,868
927,person,867,380,1262,1016
927,refrigerator,659,250,1079,869
928,person,867,380,1262,1016
928,refrigerator,658,250,1079,869
929,person,868,381,1262,1019
929,refrigerator,658,249,1078,868
930,person,868,382,1262,1019
930,refrigerator,658,250,1078,869
931,person,867,382,1262,1016
931,refrigerator,657,250,1082,868
932,person,868,382,1262,1015
932,refrigerator,657,250,1082,868
933,person,867,382,1262,1016
933,refrigerator,658,250,1083,868
934,person,868,382,1262,1015
934,refrigerator,659,250,1080,870
935,person,868,381,1262,1015
935,refrigerator,659,250,1081,870
936,person,870,380,1262,1015
936,refrigerator,657,249,1081,868
937,person,874,380,1262,1018
937,refrigerator,658,250,1083,869
938,person,872,380,1262,1018
938,refrigerator,658,250,1083,868
939,person,877,380,1262,1018
939,refrigerator,658,250,1084,868
940,person,882,379,1262,1018
940,refrigerator,658,250,1084,868
941,person,879,380,1262,1017
941,refrigerator,659,250,1084,868
942,person,874,379,1262,1017
942,refrigerator,659,250,1084,868
943,person,878,379,1262,1018
943,refrigerator,656,249,1084,869
944,person,885,379,1262,1018
944,refrigerator,659,250,1085,869
945,person,886,378,1262,1019
945,refrigerator,659,250,1084,868
946,person,891,378,1262,1018
946,refrigerator,659,250,1085,868
947,person,888,378,1262,1018
947,refrigerator,659,250,1086,869
948,person,880,378,1262,1017
948,refrigerator,659,250,1087,868
949,person,888,378,1262,1018
949,refrigerator,656,250,1086,869
950,person,887,377,1263,1014
950,refrigerator,656,250,1087,869
951,person,882,378,1263,1014
951,refrigerator,656,249,1089,869
952,person,884,378,1263,1014
952,refrigerator,656,249,1090,868
953,person,887,379,1263,1014
953,refrigerator,656,249,1092,869
954,person,888,379,1263,1013
954,refrigerator,657,249,1092,869
955,person,887,379,1263,1013
955,refrigerator,660,249,1090,868
956,person,889,379,1263,1013
956,refrigerator,660,249,1091,868
957,person,890,377,1263,1016
957,refrigerator,656,249,1094,868
958,person,901,375,1263,1013
958,refrigerator,659,249,1095,867
959,person,904,372,1263,1015
959,refrigerator,659,249,1097,867
960,person,908,367,1263,1015
960,refrigerator,660,250,1097,868
961,person,910,360,1263,1015
961,refrigerator,659,250,1098,868
962,person,913,353,1263,1016
962,refrigerator,659,250,1098,869
963,person,916,344,1263,1015
963,refrigerator,659,250,1101,869
964,person,921,335,1263,1016
964,refrigerator,657,249,1105,869
965,person,926,326,1263,1016
965,refrigerator,657,249,1107,868
966,person,932,316,1263,1016
966,refrigerator,656,249,1108,868
967,person,938,307,1263,1017
967,refrigerator,657,249,1107,868
968,person,941,298,1263,1017
968,refrigerator,657,249,1107,868
969,person,946,289,1263,1018
969,refrigerator,657,249,1108,867
970,person,949,280,1263,1016
970,refrigerator,663,249,1105,867
971,person,951,270,1263,1017
971,refrigerator,657,249,1107,868
972,person,953,263,1263,1017
972,refrigerator,656,249,1108,868
973,person,953,255,1263,1017
973,refrigerator,660,250,1106,867
974,person,955,248,1263,1017
974,refrigerator,660,250,1107,868
975,person,955,240,1263,1017
975,refrigerator,660,250,1107,868
976,person,955,233,1263,1018
976,refrigerator,659,250,1106,868
977,person,955,228,1263,1017
977,refrigerator,659,250,1106,868
978,person,953,224,1263,1017
978,refrigerator,660,250,1105,868
979,person,952,220,1263,1014
979,refrigerator,658,249,1102,868
980,person,952,216,1263,1012
980,refrigerator,658,249,1103,869
981,person,951,212,1263,1010
981,refrigerator,658,249,1107,871
982,person,953,208,1262,1008
982,refrigerator,658,250,1107,871
983,person,953,204,1262,1007
983,refrigerator,658,249,1101,871
984,person,951,201,1261,1009
984,refrigerator,659,251,1095,872
985,person,952,196,1261,1008
985,refrigerator,657,250,1091,874
986,person,950,192,1261,1008
986,refrigerator,657,249,1084,875
987,person,948,187,1261,1009
987,refrigerator,658,250,1080,875
988,person,944,184,1261,1010
988,refrigerator,657,250,1077,875
989,person,942,180,1262,1009
989,refrigerator,657,250,1070,875
990,person,940,178,1262,1010
990,refrigerator,656,249,1060,874
991,person,937,176,1261,1009
991,refrigerator,656,249,1055,876
992,person,936,175,1259,1009
992,refrigerator,656,250,1044,877
993,person,934,174,1256,1010
993,refrigerator,656,251,1036,880
994,person,931,173,1254,1010
994,refrigerator,656,251,1023,880
995,person,931,173,1250,1009
995,refrigerator,656,252,1016,880
996,person,929,172,1249,1008
996,refrigerator,656,251,1014,876
997,person,927,171,1246,1008
997,refrigerator,657,253,1012,875
998,person,926,169,1242,1007
998,refrigerator,657,252,1013,874
999,person,925,169,1238,1004
999,refrigerator,657,252,1015,877
1000,person,923,168,1236,1004
1000,refrigerator,657,252,1016,875
1001,person,921,168,1234,1003
1001,refrigerator,659,252,1014,876
1002,person,920,168,1233,1004
1002,refrigerator,657,254,1016,876
1003,person,920,167,1231,1005
1003,refrigerator,657,253,1015,872
1004,person,919,167,1229,1005
1004,refrigerator,657,253,1014,874
1005,person,918,167,1227,1005
1005,refrigerator,657,253,1014,877
1006,person,917,168,1224,1005
1006,refrigerator,657,253,1014,877
1007,person,917,169,1223,1004
1007,refrigerator,657,253,1015,871
1008,person,917,169,1222,1005
1008,refrigerator,656,253,1014,874
1009,person,917,170,1221,1006
1009,refrigerator,656,253,1016,874
1010,person,916,171,1220,1005
1010,refrigerator,656,253,1017,873
1011,person,914,171,1219,1006
1011,refrigerator,656,253,1021,873
1012,person,910,173,1218,1006
1012,refrigerator,655,254,1036,873
1013,person,909,174,1218,1005
1013,refrigerator,758,252,1044,869
1014,person,909,174,1215,1005
1014,refrigerator,655,253,1041,871
1015,person,909,175,1213,1006
1015,refrigerator,655,255,1040,873
1016,person,910,175,1213,1006
1016,refrigerator,655,254,1040,873
1017,person,910,175,1212,1006
1017,refrigerator,654,254,1040,872
1018,person,909,175,1212,1006
1018,refrigerator,769,252,1040,870
1019,person,909,175,1211,1005
1019,refrigerator,655,254,1039,871
1020,person,911,175,1210,1005
1020,refrigerator,659,252,1040,865
1021,person,913,174,1209,1005
1021,refrigerator,659,252,1041,865
1022,person,914,174,1207,1005
1022,refrigerator,656,253,1034,872
1023,person,916,174,1206,1005
1023,refrigerator,779,252,1038,870
1024,person,918,175,1204,1006
1024,refrigerator,782,253,1041,871
1025,person,919,176,1203,1006
1025,refrigerator,786,254,1041,871
1026,person,922,176,1203,1006
1026,refrigerator,655,257,1026,872
1026,refrigerator,788,255,1039,872
1027,person,923,176,1203,1006
1027,refrigerator,782,255,1014,872
1027,refrigerator,655,257,1014,872
1028,person,925,177,1203,1004
1028,refrigerator,655,256,1013,872
1029,person,928,177,1205,1004
1029,refrigerator,655,257,1012,871
1030,person,931,177,1207,1004
1030,refrigerator,656,256,1012,872
1031,person,933,177,1207,1006
1031,refrigerator,656,256,1013,872
1032,person,936,177,1210,1009
1032,refrigerator,655,255,1013,872
1033,person,940,176,1211,1013
1033,refrigerator,656,255,1014,870
1034,person,943,177,1212,1016
1034,refrigerator,656,254,1013,872
1035,person,947,177,1213,1017
1035,refrigerator,656,254,1013,873
1036,person,951,178,1214,1019
1036,refrigerator,655,254,1013,873
1037,person,955,179,1216,1018
1037,refrigerator,656,254,1013,872
1038,person,958,178,1217,1018
1038,refrigerator,655,254,1013,873
1039,person,962,179,1219,1020
1039,refrigerator,654,254,1013,873
1040,person,964,180,1222,1019
1040,refrigerator,656,254,1013,872
1041,person,968,182,1224,1019
1041,refrigerator,655,254,1014,872
1042,person,974,183,1227,1018
1042,refrigerator,656,253,1014,870
1043,person,978,183,1229,1018
1043,refrigerator,764,252,1014,871
1044,person,984,184,1232,1017
1044,refrigerator,765,253,1014,871
1045,person,990,185,1235,1018
1045,refrigerator,768,252,1013,870
1046,person,1000,187,1238,1017
1046,refrigerator,763,252,1014,870
1047,person,1010,189,1243,1017
1047,refrigerator,770,252,1014,870
1048,person,1016,189,1248,1016
1048,refrigerator,771,252,1013,870
1049,person,1017,190,1254,1017
1049,refrigerator,775,252,1013,870
1050,person,1020,193,1258,1018
1050,refrigerator,776,253,1013,869
1051,person,1024,196,1262,1018
1051,refrigerator,772,252,1013,868
1052,person,1029,198,1263,1017
1052,refrigerator,764,252,1013,868
1053,person,1033,201,1263,1011
1053,refrigerator,770,252,1013,868
1054,person,1038,202,1263,1001
1054,refrigerator,775,252,1013,868
1055,person,1044,204,1263,990
1055,refrigerator,768,253,1013,870
1056,person,1048,206,1263,974
1056,refrigerator,765,253,1012,870
1057,person,1050,207,1263,970
1057,refrigerator,766,253,1012,870
1058,person,1058,209,1263,969
1058,refrigerator,768,252,1013,870
1059,person,1061,213,1263,968
1059,refrigerator,762,252,1013,870
1060,person,1063,218,1263,967
1060,refrigerator,769,253,1013,869
1061,person,1066,222,1263,967
1061,refrigerator,772,252,1013,868
1062,person,1070,227,1263,968
1062,refrigerator,773,253,1013,870
1063,person,1072,231,1263,966
1063,refrigerator,775,252,1013,870
1064,person,1073,235,1263,965
1064,refrigerator,778,252,1013,868
1065,person,1076,237,1263,964
1065,refrigerator,783,252,1013,868
1066,person,1081,240,1263,963
1066,refrigerator,781,252,1013,868
1067,person,1084,242,1263,961
1067,refrigerator,784,252,1014,868
1068,person,1090,243,1263,951
1068,refrigerator,782,252,1014,868
1069,person,1094,243,1263,935
1069,refrigerator,785,252,1014,867
1070,person,1097,243,1263,920
1070,refrigerator,783,252,1015,868
1071,person,1103,244,1263,904
1071,refrigerator,783,252,1015,868
1072,person,1108,244,1263,872
1072,refrigerator,785,252,1015,868
1073,person,1109,244,1263,838
1073,refrigerator,783,252,1015,867
1074,person,1108,244,1263,809
1074,refrigerator,786,252,1015,867
1075,person,1107,246,1263,803
1075,refrigerator,783,252,1015,868
1076,person,1105,249,1263,803
1076,refrigerator,779,252,1015,868
1077,person,1103,252,1263,803
1077,refrigerator,776,252,1015,868
1078,person,1105,254,1263,804
1078,refrigerator,775,252,1015,867
1079,person,1107,255,1263,803
1079,refrigerator,773,252,1015,867
1080,person,1109,256,1263,803
1080,refrigerator,776,252,1015,867
1081,person,1111,256,1263,803
1081,refrigerator,769,252,1015,867
1082,person,1114,256,1263,802
1082,refrigerator,771,252,1015,869
1083,person,1115,256,1263,799
1083,refrigerator,766,252,1015,870
1084,person,1117,257,1263,797
1084,refrigerator,764,251,1016,869
1085,person,1118,257,1263,794
1085,refrigerator,772,252,1015,867
1086,person,1119,258,1263,791
1086,refrigerator,768,252,1015,869
1087,person,1121,258,1263,788
1087,refrigerator,774,252,1015,866
1088,person,1121,258,1263,783
1088,refrigerator,784,252,1015,866
1089,person,1122,258,1263,773
1089,refrigerator,780,253,1015,866
1090,person,1122,259,1263,759
1090,refrigerator,782,253,1016,867
1091,person,1122,260,1263,743
1091,refrigerator,788,253,1016,867
1092,person,1122,261,1264,721
1092,refrigerator,789,252,1016,867
1093,person,1122,262,1264,713
1093,refrigerator,792,252,1016,867
1094,person,1122,264,1263,686
1094,refrigerator,792,252,1016,867
1095,person,1121,265,1263,674
1095,refrigerator,793,252,1016,867
1096,person,1120,267,1263,674
1096,refrigerator,793,252,1016,867
1097,person,1119,269,1263,675
1097,refrigerator,793,252,1016,868
1098,person,1118,270,1263,675
1098,refrigerator,793,252,1017,869
1099,person,1114,271,1263,674
1099,refrigerator,792,252,1017,868
1100,person,1106,272,1263,673
1100,refrigerator,795,250,1017,866
1101,person,1101,272,1263,672
1101,refrigerator,795,249,1016,866
1102,person,1096,273,1258,675
1102,refrigerator,795,249,1016,866
1103,person,1089,276,1249,677
1103,refrigerator,793,250,1017,867
1104,person,1085,277,1238,678
1104,refrigerator,793,252,1018,865
1105,person,1078,279,1229,677
1105,refrigerator,792,252,1018,866
1106,person,1073,280,1230,675
1106,refrigerator,793,253,1018,866
1107,person,1067,280,1226,673
1107,refrigerator,793,253,1019,866
1108,person,1062,279,1220,667
1108,refrigerator,792,253,1018,867
1109,person,1056,278,1218,664
1109,refrigerator,792,253,1018,867
1110,person,1050,278,1219,651
1110,refrigerator,793,253,1019,866
1111,person,1043,277,1182,657
1111,refrigerator,795,253,1019,867
1112,refrigerator,794,253,1019,867
1112,person,1037,277,1176,662
1113,person,1031,277,1175,664
1113,refrigerator,794,253,1019,867
1114,refrigerator,796,253,1019,865
1114,person,1025,278,1176,664
1115,person,1019,279,1177,665
1115,refrigerator,794,252,1020,868
1116,refrigerator,796,252,1020,868
1116,person,1014,279,1179,665
1117,refrigerator,796,254,1020,864
1117,person,1013,280,1178,665
1118,refrigerator,797,253,1020,864
1118,person,1013,280,1133,513
1119,refrigerator,796,252,1020,867
1119,person,1014,282,1124,510
1120,refrigerator,796,252,1020,867
1120,person,1013,283,1113,500
1121,refrigerator,795,251,1020,867
1121,person,1014,284,1102,499
1122,refrigerator,796,250,1020,867
1123,refrigerator,795,250,1020,865
1124,refrigerator,793,249,1020,864
1125,refrigerator,793,249,1020,864
1126,refrigerator,791,249,1021,864
1127,refrigerator,791,248,1021,863
1128,refrigerator,794,248,1021,863
1131,refrigerator,794,249,1022,865
1132,refrigerator,798,249,1023,865
1133,refrigerator,800,249,1023,866
1134,refrigerator,797,250,1023,866
1135,refrigerator,797,250,1024,866
1136,refrigerator,799,249,1024,865
1137,refrigerator,791,249,1024,865
1138,refrigerator,794,248,1024,864
1139,refrigerator,798,247,1024,863
1140,refrigerator,797,247,1024,864
1141,refrigerator,798,246,1023,864
1142,refrigerator,797,247,1023,864
1143,refrigerator,777,249,1023,865
1144,refrigerator,800,250,1024,866
1145,refrigerator,802,252,1024,867
1146,refrigerator,801,253,1024,867
1147,refrigerator,800,253,1024,867
1148,refrigerator,797,253,1025,868
1149,refrigerator,798,253,1025,868
1150,refrigerator,798,253,1025,869
1151,refrigerator,801,254,1026,869
1152,refrigerator,802,254,1026,869
1153,refrigerator,804,254,1027,871
1154,refrigerator,802,254,1028,870
1155,refrigerator,805,254,1028,870
1156,refrigerator,807,254,1028,870
1157,refrigerator,806,253,1029,869
1158,refrigerator,806,253,1029,869
1160,bed,320,638,1502,896
1160,person,1699,721,1919,870
1164,bed,320,639,1503,896
1165,bed,320,639,1503,896
1165,person,1700,723,1919,869
1166,bed,320,639,1503,897
1167,bed,320,639,1503,897
1170,chair,1632,1020,1919,1077
1173,person,1700,720,1919,870
1175,person,1701,722,1919,870
1175,bed,320,638,1503,897
1177,bed,320,638,1502,895
1178,bed,320,638,1503,896
1180,bed,320,638,1504,896
1182,bed,320,638,1503,896
1186,chair,1632,1020,1919,1077
1189,bed,321,638,1503,897
1192,bed,320,638,1503,896
1193,bed,320,638,1503,896
1194,bed,320,638,1503,896
1195,bed,321,638,1503,896
1196,bed,321,639,1503,896
1197,bed,321,638,1504,896
1198,bed,321,639,1503,895
1199,bed,320,639,1503,896
1200,bed,320,638,1504,896
1201,bed,320,638,1504,897
1202,bed,320,638,1503,896
1203,bed,320,638,1503,896
1204,bed,320,638,1504,896
1205,bed,320,638,1503,896
1210,bed,320,638,1503,896
1211,bed,320,638,1503,896
1215,chair,1632,1020,1919,1077
1217,bed,320,638,1504,896
1218,bed,320,638,1504,896
1220,bed,320,638,1504,895
1222,bed,321,638,1504,896
1223,bed,321,638,1504,896
1225,bed,321,638,1504,895
1226,bed,321,638,1504,896
1230,bed,319,639,1503,896
1231,bed,319,638,1502,896
1233,bed,320,638,1503,896
1234,bed,320,639,1504,897
1235,bed,320,639,1504,897
1237,bed,320,639,1504,896
1238,bed,320,638,1504,897
1239,bed,320,638,1504,896
1240,bed,319,638,1505,896
1241,bed,321,638,1504,897
1241,refrigerator,913,412,1030,580
1242,bed,320,638,1504,896
1242,chair,1632,1021,1919,1078
1243,bed,320,638,1505,896
1244,bed,320,638,1503,896
1245,person,1705,726,1919,868
1245,bed,320,638,1505,896
1246,bed,319,638,1504,896
1247,bed,320,638,1504,896
1248,person,1701,3,1919,855
1249,person,1602,2,1918,1063
1250,person,1517,3,1918,1062
1251,person,1456,1,1917,1063
1252,person,1401,2,1918,1063
1253,person,1359,1,1917,1062
1254,person,1323,2,1917,1063
1255,person,1294,2,1916,1064
1256,person,1267,4,1918,1066
1257,person,1238,1,1918,1064
1258,person,1217,3,1919,1065
1259,person,1201,2,1918,1065
1260,person,1184,2,1917,1065
1261,person,1168,2,1848,1067
1262,person,1169,2,1776,1056
1263,person,1170,2,1714,1056
1264,person,1169,1,1658,1066
1265,person,1169,1,1615,1069
1266,person,1143,0,1578,1067
1267,person,1114,1,1548,1066
1268,person,1093,0,1523,1064
1269,person,1077,2,1503,1061
1270,person,1062,1,1482,1047
1271,person,1013,1,1464,1043
1272,person,968,1,1445,1041
1273,person,934,1,1411,1036
1274,person,926,1,1393,1029
1275,person,918,1,1363,1009
1276,person,914,2,1339,993
1277,person,914,2,1319,989
1278,person,912,0,1303,971
1279,person,910,0,1285,955
1280,person,909,0,1272,953
1281,person,908,0,1262,953
1282,person,909,1,1255,955
1283,person,909,1,1244,954
1284,person,910,1,1235,954
1285,person,910,2,1227,954
1286,person,911,1,1220,955
1287,person,911,1,1214,955
1288,person,909,0,1208,954
1289,person,899,0,1206,955
1290,person,884,1,1204,951
1291,person,869,0,1204,949
1292,person,835,1,1201,942
1293,person,817,0,1198,929
1294,person,801,1,1195,925
1295,person,796,1,1191,922
1296,person,793,1,1184,925
1297,person,793,34,1177,927
1298,person,788,78,1170,927
1299,person,774,117,1162,929
1300,person,769,162,1151,928
1301,person,759,198,1139,928
1302,person,748,234,1126,928
1303,person,738,266,1113,927
1304,person,731,291,1110,926
1305,person,723,315,1112,924
1306,person,709,334,1112,923
1307,person,698,349,1111,925
1308,person,687,360,1115,922
1309,person,674,368,1123,918
1310,person,665,367,1142,916
1311,person,653,366,1164,902
1312,person,644,366,1194,889
1313,person,644,374,1226,889
1314,person,643,388,1254,893
1315,person,633,407,1278,893
1316,person,624,428,1018,892
1317,person,616,449,1027,890
1319,person,600,502,848,734
1320,person,593,466,1267,732
1321,person,591,430,1243,812
1322,person,581,420,1231,775
1323,person,572,533,875,721
1324,person,563,534,869,720
1325,person,552,534,863,719
1326,person,543,535,862,720
1327,person,535,535,860,723
1328,person,527,535,860,727
1330,person,518,537,895,728
1331,person,516,538,926,723
1332,person,513,537,1172,786
1332,refrigerator,915,411,1029,575
1333,person,515,539,1170,785
1334,person,515,541,1175,785
1335,person,515,544,1171,786
1336,person,512,545,1168,786
1337,person,511,546,1171,786
1338,person,511,547,1165,787
1338,bed,319,640,1495,886
1339,person,510,547,1164,789
1339,bed,319,640,1495,886
1340,person,511,546,1174,791
1340,bed,319,641,1495,883
1341,person,511,545,1176,791
1341,bed,320,640,1496,892
1342,person,511,546,1174,791
1342,bed,321,640,1497,892
1343,person,510,546,1174,790
1343,bed,321,640,1496,892
1344,person,511,546,1172,788
1344,person,1701,720,1919,868
1344,bed,319,641,1495,885
1345,person,511,545,1170,788
1345,person,1701,719,1919,868
1346,person,510,545,1171,788
1347,person,510,545,1169,788
1347,bed,321,640,1496,891
1348,person,510,545,1171,788
1348,bed,321,640,1497,892
1349,person,511,545,1171,788
1349,bed,319,640,1495,883
1350,person,512,546,1175,789
1350,bed,321,640,1496,891
1351,person,512,546,1170,789
1351,refrigerator,914,411,1029,575
1352,person,511,546,1170,789
1352,refrigerator,915,412,1029,575
1353,person,510,546,1171,788
1353,person,1701,719,1919,868
1353,refrigerator,914,412,1029,575
1354,person,510,546,1167,788
1354,refrigerator,914,411,1029,575
1354,person,1701,723,1919,870
1355,person,511,545,1165,789
1355,refrigerator,913,411,1029,575
1355,bed,321,639,1497,890
1356,person,511,545,1167,789
1356,refrigerator,914,412,1029,575
1357,person,511,545,1168,789
1357,refrigerator,915,412,1029,576
1358,person,511,545,1167,789
1358,refrigerator,915,411,1029,576
1359,person,511,545,1167,790
1359,refrigerator,915,411,1029,575
1360,person,511,545,1163,790
1360,refrigerator,914,411,1029,577
1361,person,511,545,1169,790
1361,refrigerator,914,411,1029,577
1362,person,511,545,1169,790
1362,refrigerator,914,411,1029,576
1363,person,511,545,1168,789
1364,person,511,545,1164,789
1365,person,511,545,1167,790
1365,refrigerator,914,411,1029,576
1366,person,512,545,1165,789
1366,refrigerator,913,411,1029,577
1367,person,512,545,1167,790
1368,person,512,545,1166,790
1369,person,512,546,1169,791
1370,person,513,545,1173,791
1370,bed,322,640,1497,889
1370,refrigerator,914,411,1029,575
1371,person,512,545,1171,789
1372,person,512,545,1168,790
1373,person,512,545,1174,790
1374,person,512,545,1174,790
1375,person,512,545,1176,788
1376,person,513,545,1176,787
1376,bed,321,640,1497,890
1377,person,512,546,1181,789
1377,refrigerator,914,411,1029,575
1378,person,512,545,1184,790
1378,bed,321,640,1496,889
1379,person,512,544,1188,785
1380,person,514,544,1193,790
1380,bed,320,640,1495,878
1382,person,521,541,1216,795
1383,person,529,536,1222,798
1384,person,534,534,1211,797
1385,person,534,530,1131,796
1385,bed,320,634,1497,894
1386,person,540,522,1201,795
1387,person,554,513,1245,794
1388,person,571,497,1265,791
1389,person,579,492,1227,786
1390,person,588,453,1232,779
1391,person,598,442,1224,773
1392,person,603,435,1216,774
1393,person,610,436,1210,779
1394,person,620,442,1207,789
1395,person,624,454,1207,801
1396,person,637,480,1207,811
1397,person,646,478,1196,816
1398,person,656,469,1116,814
1399,person,670,462,1185,805
1400,person,677,451,1167,799
1401,person,678,446,1166,787
1402,person,683,434,1179,788
1403,person,687,423,1233,790
1404,person,690,413,1243,793
1405,person,694,406,1248,803
1406,person,698,396,1252,804
1407,person,699,389,1256,800
1408,person,701,382,1258,802
1409,person,703,378,1261,804
1410,person,705,374,1260,813
1411,person,705,371,1254,816
1412,person,705,370,1246,820
1413,person,708,368,1238,824
1414,person,709,367,1226,830
1415,person,711,366,1211,835
1416,person,714,367,1198,840
1417,person,720,369,1186,853
1418,person,726,372,1169,864
1419,person,733,378,1141,878
1420,person,742,383,1142,904
1421,person,749,391,1145,906
1422,person,759,395,1155,900
1423,person,768,397,1158,897
1424,person,774,390,1155,898
1425,person,778,398,1152,899
1426,person,782,397,1154,901
1427,person,784,393,1155,905
1428,person,785,371,1155,907
1429,person,786,384,1156,907
1430,person,785,385,1158,909
1431,person,785,386,1161,910
1432,person,785,392,1168,910
1433,person,784,404,1180,912
1434,person,781,415,1187,914
1435,person,779,422,1194,919
1436,person,780,428,1202,922
1437,person,787,424,1208,923
1438,person,799,417,1208,924
1439,person,816,406,1218,922
1440,person,834,391,1228,923
1441,person,851,374,1234,923
1442,person,859,357,1244,923
1443,person,866,322,1264,924
1444,person,872,292,1282,925
1445,person,882,251,1300,923
1446,person,889,199,1317,922
1447,person,882,145,1336,924
1448,person,902,86,1354,922
1449,person,913,23,1368,921
1450,person,915,2,1383,923
1451,person,911,1,1391,923
1452,person,899,2,1373,924
1453,person,885,2,1356,924
1454,person,888,0,1368,921
1455,person,885,1,1381,923
1456,person,887,2,1392,924
1457,person,880,2,1405,925
1458,person,879,1,1421,935
1459,person,870,1,1438,967
1460,person,864,2,1481,1017
1461,person,861,2,1533,1061
1462,person,858,2,1571,1065
1463,person,863,1,1601,1064
1464,person,880,1,1625,1063
1465,person,896,1,1649,1063
1466,person,932,2,1671,1063
1467,person,968,1,1682,1063
1468,person,979,1,1692,1065
1469,person,987,2,1692,1063
1470,person,1061,2,1688,1064
1471,person,1093,1,1690,1063
1472,person,1094,1,1719,1066
1473,person,1137,1,1746,1065
1474,person,1168,1,1781,1066
1475,person,1192,1,1820,1067
1475,person,1712,720,1919,870
1476,person,1198,1,1863,1066
1477,person,1203,2,1913,1065
1478,person,1211,2,1920,1064
1479,person,1220,3,1918,1066
1480,person,1229,2,1918,1066
1481,person,1238,2,1917,1065
1482,person,1248,2,1917,1066
1483,person,1255,2,1918,1067
1484,person,1264,4,1918,1061
1487,person,1703,722,1908,871
1487,refrigerator,914,412,1031,580
1488,person,1704,723,1919,869
1488,refrigerator,914,412,1030,579
1488,chair,1633,1021,1919,1078
1489,person,1703,722,1919,870
1489,chair,1633,1021,1919,1078
1489,refrigerator,914,412,1030,578
1490,person,1703,725,1919,870
1490,refrigerator,914,412,1030,579
1490,chair,1633,1021,1919,1077
1491,chair,1632,1021,1919,1077
1491,person,1702,720,1919,867
1492,chair,1632,1021,1919,1077
1493,person,1702,725,1919,869
1493,chair,1631,1021,1919,1077
