Track ID,Frame Index,X,Y
3,0,0,0
3,1,0,0
3,2,0,0
3,3,0,0
3,4,0,0
3,5,0,0
3,6,0,0
3,7,0,0
3,8,0,0
3,9,0,0
3,10,0,0
3,11,0,0
3,12,0,0
3,13,0,0
3,14,0,0
3,15,0,0
3,16,0,0
3,17,0,0
3,18,0,0
3,19,0,0
3,20,0,0
3,21,0,0
3,22,0,0
3,23,0,0
3,24,0,0
3,25,0,0
3,26,0,0
3,27,0,0
3,28,0,0
3,29,0,0
3,30,0,0
3,31,0,0
3,32,0,0
3,33,0,0
3,34,0,0
3,35,0,0
3,36,0,0
3,37,0,0
3,38,0,0
3,39,0,0
3,40,0,0
3,41,0,0
3,42,0,0
3,43,0,0
3,44,0,0
3,45,0,0
3,46,0,0
3,47,0,0
3,48,0,0
3,49,0,0
3,50,0,0
3,51,0,0
3,52,0,0
3,53,0,0
3,54,0,0
3,55,0,0
3,56,0,0
3,57,0,0
3,58,0,0
3,59,0,0
3,60,0,0
3,61,0,0
3,62,0,0
3,63,0,0
3,64,0,0
3,65,0,0
3,66,0,0
3,67,0,0
3,68,0,0
3,69,0,0
3,70,0,0
3,71,0,0
3,72,0,0
3,73,0,0
3,74,0,0
3,75,0,0
3,76,0,0
3,77,0,0
3,78,0,0
3,79,0,0
3,80,0,0
3,81,0,0
3,82,0,0
3,83,0,0
3,84,0,0
3,85,0,0
3,86,0,0
3,87,0,0
3,88,0,0
3,89,0,0
3,90,0,0
3,91,0,0
3,92,0,0
3,93,0,0
3,94,0,0
3,95,0,0
3,96,0,0
3,97,0,0
3,98,0,0
3,99,0,0
3,100,0,0
3,101,0,0
3,102,0,0
3,103,0,0
3,104,0,0
3,105,0,0
3,106,0,0
3,107,0,0
3,108,0,0
3,109,0,0
3,110,0,0
3,111,0,0
3,112,0,0
3,113,0,0
3,114,0,0
3,115,0,0
3,116,0,0
3,117,0,0
3,118,0,0
3,119,0,0
3,120,0,0
3,121,0,0
3,122,0,0
3,123,0,0
3,124,0,0
3,125,0,0
3,126,0,0
3,127,0,0
3,128,0,0
3,129,0,0
3,130,0,0
3,131,0,0
3,132,0,0
3,133,0,0
3,134,0,0
3,135,0,0
3,136,0,0
3,137,0,0
3,138,0,0
3,139,0,0
3,140,0,0
3,141,0,0
3,142,0,0
3,143,0,0
3,144,0,0
3,145,0,0
3,146,0,0
3,147,0,0
3,148,0,0
3,149,0,0
3,150,0,0
3,151,0,0
3,152,0,0
3,153,0,0
3,154,0,0
3,155,0,0
3,156,0,0
3,157,0,0
3,158,0,0
3,159,0,0
3,160,0,0
3,161,0,0
3,162,0,0
3,163,0,0
3,164,0,0
3,165,0,0
3,166,0,0
3,167,0,0
3,168,0,0
3,169,0,0
3,170,0,0
3,171,0,0
3,172,0,0
3,173,0,0
3,174,0,0
3,175,0,0
3,176,0,0
3,177,0,0
3,178,0,0
3,179,0,0
3,180,0,0
3,181,0,0
3,182,0,0
3,183,0,0
3,184,0,0
3,185,0,0
3,186,0,0
3,187,0,0
3,188,0,0
3,189,0,0
3,190,0,0
3,191,0,0
3,192,0,0
3,193,0,0
3,194,0,0
3,195,0,0
3,196,0,0
3,197,0,0
3,198,0,0
3,199,0,0
3,200,0,0
3,201,0,0
3,202,0,0
3,203,0,0
3,204,0,0
3,205,0,0
3,206,0,0
3,207,0,0
3,208,0,0
3,209,775,237
3,210,775,237
3,211,775,237
3,212,775,237
3,213,775,237
3,214,775,237
3,215,775,237
3,216,775,237
3,217,775,237
3,218,775,237
3,219,775,237
3,220,775,237
3,221,775,237
3,222,775,237
3,223,775,237
3,224,775,237
3,225,775,237
3,226,775,237
3,227,775,237
3,228,775,237
3,229,775,237
3,230,775,237
3,231,775,237
3,232,775,237
3,233,775,237
3,234,775,237
3,235,775,237
3,236,775,237
3,237,775,237
3,238,775,237
3,239,775,237
3,240,775,237
3,241,775,237
3,242,775,237
3,243,775,237
3,244,775,237
3,245,775,237
3,246,775,237
3,247,775,237
3,248,775,237
3,249,775,237
3,250,775,237
3,251,775,237
3,252,775,237
3,253,775,237
3,254,775,237
3,255,775,237
3,256,775,237
3,257,775,237
3,258,775,237
3,259,775,237
3,260,775,237
3,261,775,237
3,262,775,237
3,263,775,237
3,264,775,237
3,265,775,237
3,266,775,237
3,267,775,237
3,268,775,237
3,269,775,237
3,270,775,237
3,271,775,237
3,272,775,237
3,273,775,237
3,274,775,237
3,275,775,237
3,276,775,237
3,277,775,237
3,278,775,237
3,279,775,237
3,280,775,237
3,281,775,237
3,282,775,237
3,283,775,237
3,284,775,237
3,285,775,237
3,286,775,237
3,287,775,237
3,288,775,237
3,289,775,237
3,290,775,237
3,291,775,237
3,292,775,237
3,293,775,237
3,294,775,237
3,295,775,237
3,296,775,237
3,297,775,237
3,298,775,237
3,299,775,237
3,300,775,237
3,301,775,237
3,302,775,237
3,303,775,237
3,304,775,237
3,305,775,237
3,306,775,237
3,307,775,237
3,308,775,237
3,309,775,237
3,310,775,237
3,311,775,237
3,312,775,237
3,313,775,237
3,314,775,237
3,315,775,237
3,316,775,237
3,317,775,237
3,318,775,237
3,319,775,237
3,320,775,237
3,321,775,237
3,322,775,237
3,323,775,237
3,324,775,237
3,325,775,237
3,326,775,237
3,327,775,237
3,328,775,237
3,329,775,237
3,330,775,237
3,331,775,237
3,332,775,237
3,333,775,237
3,334,775,237
3,335,775,237
3,336,775,237
3,337,775,237
3,338,775,237
3,339,775,237
3,340,775,237
3,341,775,237
3,342,775,237
3,343,775,237
3,344,775,237
3,345,775,237
3,346,775,237
3,347,775,237
3,348,775,237
3,349,775,237
3,350,775,237
3,351,775,237
3,352,775,237
3,353,775,237
3,354,775,237
3,355,775,237
3,356,775,237
3,357,775,237
3,358,775,237
3,359,775,237
3,360,775,237
3,361,775,237
3,362,775,237
3,363,775,237
3,364,775,237
3,365,775,237
