39,"[0.0, 0.0]","[0.0, 0.0]","[0.0, 0.0]","[0.0, 0.0]","[0.0, 0.0]","[0.0, 0.0]","[0.0, 0.0]","[0.0, 0.0]","[0.0, 0.0]","[0.0, 0.0]","[0.0, 0.0]","[0.0, 0.0]","[0.0, 0.0]","[0.0, 0.0]","[0.0, 0.0]","[0.0, 0.0]","[0.0, 0.0]"
40,"[0.0, 0.0]","[0.0, 0.0]","[0.0, 0.0]","[0.0, 0.0]","[0.0, 0.0]","[0.0, 0.0]","[0.0, 0.0]","[0.0, 0.0]","[0.0, 0.0]","[0.0, 0.0]","[0.0, 0.0]","[0.0, 0.0]","[0.0, 0.0]","[0.0, 0.0]","[0.0, 0.0]","[0.0, 0.0]","[0.0, 0.0]"
41,"[0.0, 0.0]","[0.0, 0.0]","[0.0, 0.0]","[0.0, 0.0]","[0.0, 0.0]","[0.0, 0.0]","[0.0, 0.0]","[0.0, 0.0]","[0.0, 0.0]","[0.0, 0.0]","[0.0, 0.0]","[0.0, 0.0]","[0.0, 0.0]","[0.0, 0.0]","[0.0, 0.0]","[0.0, 0.0]","[0.0, 0.0]"
42,"[0.0, 0.0]","[0.0, 0.0]","[0.0, 0.0]","[0.0, 0.0]","[0.0, 0.0]","[0.0, 0.0]","[0.0, 0.0]","[0.0, 0.0]","[0.0, 0.0]","[0.0, 0.0]","[1853.800048828125, 293.2955627441406]","[0.0, 0.0]","[0.0, 0.0]","[0.0, 0.0]","[0.0, 0.0]","[0.0, 0.0]","[0.0, 0.0]"
43,"[0.0, 0.0]","[0.0, 0.0]","[0.0, 0.0]","[0.0, 0.0]","[0.0, 0.0]","[0.0, 0.0]","[0.0, 0.0]","[0.0, 0.0]","[0.0, 0.0]","[0.0, 0.0]","[1781.856201171875, 316.2303466796875]","[0.0, 0.0]","[0.0, 0.0]","[0.0, 0.0]","[1611.106201171875, 682.955078125]","[0.0, 0.0]","[0.0, 0.0]"
44,"[0.0, 0.0]","[0.0, 0.0]","[0.0, 0.0]","[0.0, 0.0]","[0.0, 0.0]","[0.0, 0.0]","[0.0, 0.0]","[0.0, 0.0]","[0.0, 0.0]","[1682.214599609375, 327.7821350097656]","[1690.202880859375, 327.3476257324219]","[0.0, 0.0]","[0.0, 0.0]","[1588.3443603515625, 746.60888671875]","[1591.00048828125, 703.19189453125]","[0.0, 0.0]","[0.0, 0.0]"
45,"[0.0, 0.0]","[0.0, 0.0]","[0.0, 0.0]","[0.0, 0.0]","[0.0, 0.0]","[0.0, 0.0]","[0.0, 0.0]","[0.0, 0.0]","[0.0, 0.0]","[1619.5133056640625, 358.7386779785156]","[1634.7220458984375, 360.77850341796875]","[1801.543212890625, 275.8774108886719]","[0.0, 0.0]","[1547.195556640625, 818.1827392578125]","[0.0, 0.0]","[0.0, 0.0]","[0.0, 0.0]"
46,"[0.0, 0.0]","[0.0, 0.0]","[0.0, 0.0]","[0.0, 0.0]","[0.0, 0.0]","[0.0, 0.0]","[0.0, 0.0]","[1739.8092041015625, 49.20680236816406]","[0.0, 0.0]","[1575.852783203125, 359.48223876953125]","[0.0, 0.0]","[1751.0460205078125, 263.89801025390625]","[0.0, 0.0]","[1454.612060546875, 791.5863647460938]","[1879.065185546875, 759.2316284179688]","[0.0, 0.0]","[0.0, 0.0]"
47,"[0.0, 0.0]","[0.0, 0.0]","[0.0, 0.0]","[0.0, 0.0]","[0.0, 0.0]","[0.0, 0.0]","[0.0, 0.0]","[1641.953369140625, 83.45425415039062]","[0.0, 0.0]","[1512.4591064453125, 382.5235290527344]","[0.0, 0.0]","[1731.310546875, 284.23187255859375]","[0.0, 0.0]","[1451.8662109375, 857.41455078125]","[0.0, 0.0]","[0.0, 0.0]","[0.0, 0.0]"
48,"[0.0, 0.0]","[0.0, 0.0]","[0.0, 0.0]","[0.0, 0.0]","[0.0, 0.0]","[0.0, 0.0]","[0.0, 0.0]","[1606.012451171875, 38.80961608886719]","[0.0, 0.0]","[1468.92578125, 360.78314208984375]","[1502.36279296875, 345.38494873046875]","[1677.766845703125, 264.5378723144531]","[0.0, 0.0]","[1406.6380615234375, 868.7821655273438]","[1811.24169921875, 841.517333984375]","[0.0, 0.0]","[0.0, 0.0]"
49,"[0.0, 0.0]","[0.0, 0.0]","[0.0, 0.0]","[0.0, 0.0]","[0.0, 0.0]","[0.0, 0.0]","[0.0, 0.0]","[1594.4058837890625, 60.42425537109375]","[0.0, 0.0]","[1419.6044921875, 354.05999755859375]","[1438.3382568359375, 364.8624572753906]","[1692.506591796875, 213.58218383789062]","[1753.341796875, 205.5688934326172]","[1422.52490234375, 850.4234619140625]","[1697.0321044921875, 836.1339111328125]","[0.0, 0.0]","[0.0, 0.0]"
50,"[0.0, 0.0]","[0.0, 0.0]","[0.0, 0.0]","[0.0, 0.0]","[0.0, 0.0]","[0.0, 0.0]","[0.0, 0.0]","[0.0, 0.0]","[0.0, 0.0]","[1374.7371826171875, 361.796630859375]","[1393.347412109375, 358.37054443359375]","[1655.88720703125, 257.6173095703125]","[1697.890380859375, 250.29075622558594]","[1430.4327392578125, 806.548095703125]","[1645.1612548828125, 787.3411865234375]","[0.0, 0.0]","[0.0, 0.0]"
51,"[0.0, 0.0]","[0.0, 0.0]","[0.0, 0.0]","[0.0, 0.0]","[0.0, 0.0]","[0.0, 0.0]","[0.0, 0.0]","[1559.91796875, 14.8275146484375]","[0.0, 0.0]","[1334.3067626953125, 338.2248229980469]","[1345.767822265625, 334.71441650390625]","[1619.880126953125, 211.00204467773438]","[1648.1495361328125, 193.80029296875]","[1388.6160888671875, 795.2799682617188]","[1624.92724609375, 758.32763671875]","[0.0, 0.0]","[0.0, 0.0]"
52,"[0.0, 0.0]","[0.0, 0.0]","[0.0, 0.0]","[0.0, 0.0]","[0.0, 0.0]","[0.0, 0.0]","[0.0, 0.0]","[1418.630859375, 77.21607971191406]","[0.0, 0.0]","[1276.9888916015625, 350.2856140136719]","[1306.4200439453125, 350.3630676269531]","[1588.2198486328125, 240.13650512695312]","[1673.9490966796875, 233.30429077148438]","[1384.650390625, 812.0623168945312]","[1580.1661376953125, 794.233154296875]","[0.0, 0.0]","[0.0, 0.0]"
53,"[0.0, 0.0]","[0.0, 0.0]","[0.0, 0.0]","[0.0, 0.0]","[0.0, 0.0]","[0.0, 0.0]","[0.0, 0.0]","[1390.052978515625, 95.67979431152344]","[0.0, 0.0]","[1247.7099609375, 350.6069641113281]","[1291.4246826171875, 348.55987548828125]","[1558.3359375, 223.42698669433594]","[1664.88134765625, 212.87672424316406]","[1336.0498046875, 726.8359375]","[1501.383056640625, 707.075927734375]","[0.0, 0.0]","[0.0, 0.0]"
54,"[0.0, 0.0]","[0.0, 0.0]","[0.0, 0.0]","[0.0, 0.0]","[0.0, 0.0]","[0.0, 0.0]","[0.0, 0.0]","[1375.5230712890625, 100.23696899414062]","[0.0, 0.0]","[1234.64501953125, 348.6360168457031]","[1254.98486328125, 339.5162353515625]","[1566.7547607421875, 195.92189025878906]","[1597.28173828125, 188.3489227294922]","[1340.50244140625, 688.905029296875]","[1443.5439453125, 671.630126953125]","[1420.685302734375, 1080.0]","[0.0, 0.0]"
55,"[0.0, 0.0]","[0.0, 0.0]","[0.0, 0.0]","[0.0, 0.0]","[0.0, 0.0]","[0.0, 0.0]","[0.0, 0.0]","[1366.205078125, 85.29757690429688]","[0.0, 0.0]","[1206.4810791015625, 327.44677734375]","[1263.013671875, 350.5855712890625]","[1493.7088623046875, 189.6595458984375]","[1580.5001220703125, 175.87179565429688]","[1326.4451904296875, 731.0245971679688]","[1459.7000732421875, 707.1705322265625]","[0.0, 0.0]","[0.0, 0.0]"
56,"[0.0, 0.0]","[0.0, 0.0]","[0.0, 0.0]","[0.0, 0.0]","[0.0, 0.0]","[0.0, 0.0]","[0.0, 0.0]","[1363.9803466796875, 97.74998474121094]","[0.0, 0.0]","[1210.0791015625, 308.61456298828125]","[1240.3575439453125, 317.945556640625]","[1486.8851318359375, 226.15762329101562]","[1525.9691162109375, 210.15037536621094]","[1314.32421875, 675.8519897460938]","[1376.022705078125, 653.883056640625]","[1343.320068359375, 1056.23583984375]","[0.0, 0.0]"
57,"[0.0, 0.0]","[0.0, 0.0]","[0.0, 0.0]","[0.0, 0.0]","[0.0, 0.0]","[0.0, 0.0]","[0.0, 0.0]","[1377.739501953125, 119.92021179199219]","[0.0, 0.0]","[1202.104248046875, 315.9662780761719]","[1224.7952880859375, 317.8996887207031]","[1476.750244140625, 239.7236328125]","[1448.492431640625, 211.1557159423828]","[1315.9462890625, 670.3876953125]","[1283.945556640625, 626.470703125]","[1337.6549072265625, 1057.3028564453125]","[1289.1900634765625, 980.0313720703125]"
58,"[0.0, 0.0]","[0.0, 0.0]","[0.0, 0.0]","[0.0, 0.0]","[0.0, 0.0]","[0.0, 0.0]","[0.0, 0.0]","[1362.029052734375, 125.77972412109375]","[0.0, 0.0]","[1199.688720703125, 333.0782470703125]","[1225.333984375, 330.2589111328125]","[1445.308349609375, 251.6707305908203]","[1483.2474365234375, 226.75436401367188]","[1279.3629150390625, 673.453857421875]","[1309.041259765625, 636.1136474609375]","[1331.6412353515625, 1080.0]","[1311.69970703125, 1005.7249755859375]"
59,"[0.0, 0.0]","[0.0, 0.0]","[0.0, 0.0]","[0.0, 0.0]","[0.0, 0.0]","[0.0, 0.0]","[0.0, 0.0]","[1358.669189453125, 128.15272521972656]","[0.0, 0.0]","[1206.9364013671875, 334.73297119140625]","[0.0, 0.0]","[1424.93115234375, 268.1278381347656]","[1475.015869140625, 252.76785278320312]","[1297.4932861328125, 668.0264892578125]","[1360.0450439453125, 647.3116455078125]","[1325.01416015625, 1059.320068359375]","[1331.2186279296875, 1009.073486328125]"
60,"[0.0, 0.0]","[0.0, 0.0]","[0.0, 0.0]","[0.0, 0.0]","[0.0, 0.0]","[0.0, 0.0]","[0.0, 0.0]","[1375.4356689453125, 137.29820251464844]","[0.0, 0.0]","[1223.178466796875, 327.6576232910156]","[1226.671630859375, 327.21826171875]","[1413.18994140625, 272.99896240234375]","[1378.89697265625, 246.7803955078125]","[1334.779541015625, 670.33642578125]","[1192.4388427734375, 629.6815185546875]","[1366.520751953125, 1036.29345703125]","[1096.501708984375, 953.3521728515625]"
61,"[0.0, 0.0]","[0.0, 0.0]","[0.0, 0.0]","[0.0, 0.0]","[0.0, 0.0]","[0.0, 0.0]","[0.0, 0.0]","[1393.9736328125, 143.43704223632812]","[0.0, 0.0]","[1213.36865234375, 338.43914794921875]","[1227.97802734375, 339.2705993652344]","[1376.3646240234375, 304.23089599609375]","[1357.52490234375, 264.46087646484375]","[1315.8626708984375, 733.34521484375]","[1169.205078125, 665.0408935546875]","[1338.0103759765625, 1080.0]","[1054.9912109375, 951.328857421875]"
62,"[0.0, 0.0]","[0.0, 0.0]","[0.0, 0.0]","[0.0, 0.0]","[0.0, 0.0]","[0.0, 0.0]","[0.0, 0.0]","[1423.042236328125, 146.28968811035156]","[0.0, 0.0]","[1237.0791015625, 363.3185119628906]","[1198.008544921875, 360.0904541015625]","[1353.76953125, 360.2040710449219]","[1270.4271240234375, 314.9627685546875]","[1319.33984375, 802.418212890625]","[1114.034912109375, 718.8667602539062]","[1338.5513916015625, 1080.0]","[1015.3584594726562, 935.3955078125]"
63,"[0.0, 0.0]","[0.0, 0.0]","[0.0, 0.0]","[0.0, 0.0]","[0.0, 0.0]","[0.0, 0.0]","[0.0, 0.0]","[1439.0977783203125, 197.8385467529297]","[0.0, 0.0]","[1272.1884765625, 394.29986572265625]","[1208.0030517578125, 365.9328918457031]","[1320.78759765625, 389.5077209472656]","[1182.24609375, 355.49945068359375]","[1310.18408203125, 781.6219482421875]","[1064.46533203125, 716.117919921875]","[1338.105224609375, 1073.457763671875]","[1014.859375, 936.977783203125]"
64,"[0.0, 0.0]","[0.0, 0.0]","[0.0, 0.0]","[0.0, 0.0]","[0.0, 0.0]","[0.0, 0.0]","[0.0, 0.0]","[1455.5673828125, 142.97886657714844]","[0.0, 0.0]","[1289.173583984375, 370.0509338378906]","[1125.229248046875, 336.9627380371094]","[1317.1007080078125, 339.92584228515625]","[1140.63671875, 312.0182189941406]","[1298.4356689453125, 763.0391235351562]","[1025.4598388671875, 712.6295776367188]","[1344.24951171875, 1070.368408203125]","[1002.8486938476562, 959.583984375]"
65,"[0.0, 0.0]","[0.0, 0.0]","[0.0, 0.0]","[0.0, 0.0]","[0.0, 0.0]","[0.0, 0.0]","[0.0, 0.0]","[1440.762451171875, 165.97911071777344]","[1121.58642578125, 147.375]","[1314.052001953125, 392.10894775390625]","[1071.6973876953125, 351.9901428222656]","[1282.414306640625, 328.16107177734375]","[1113.47705078125, 304.406494140625]","[1247.92724609375, 726.2140502929688]","[1002.649169921875, 684.46337890625]","[1322.4451904296875, 1058.9063720703125]","[1004.4263916015625, 971.19287109375]"
66,"[0.0, 0.0]","[0.0, 0.0]","[0.0, 0.0]","[0.0, 0.0]","[0.0, 0.0]","[0.0, 0.0]","[0.0, 0.0]","[1433.46923828125, 176.56617736816406]","[1077.1038818359375, 175.3718719482422]","[1357.335693359375, 396.67913818359375]","[1049.7740478515625, 378.5594787597656]","[1261.2613525390625, 331.8515319824219]","[1100.5439453125, 314.4445495605469]","[1194.2261962890625, 678.2998657226562]","[986.54443359375, 649.2507934570312]","[1286.232177734375, 1021.6046142578125]","[1026.84326171875, 958.9071044921875]"
67,"[0.0, 0.0]","[0.0, 0.0]","[0.0, 0.0]","[0.0, 0.0]","[0.0, 0.0]","[0.0, 0.0]","[0.0, 0.0]","[1429.2847900390625, 162.2996063232422]","[1049.260009765625, 144.49258422851562]","[1386.058837890625, 401.93096923828125]","[1031.10107421875, 365.23870849609375]","[1252.78466796875, 324.26910400390625]","[1090.3203125, 305.768310546875]","[1180.082763671875, 668.104736328125]","[977.3165283203125, 638.8729248046875]","[1275.0667724609375, 1021.3192749023438]","[1017.0020141601562, 964.445068359375]"
68,"[0.0, 0.0]","[0.0, 0.0]","[0.0, 0.0]","[0.0, 0.0]","[0.0, 0.0]","[0.0, 0.0]","[0.0, 0.0]","[1452.1702880859375, 155.02001953125]","[1040.376708984375, 120.69790649414062]","[1388.105224609375, 404.72857666015625]","[1003.8262939453125, 339.887451171875]","[1254.6107177734375, 327.79583740234375]","[1096.2703857421875, 311.4564514160156]","[1195.967529296875, 680.36767578125]","[989.0126953125, 655.3179321289062]","[1309.1376953125, 1004.0751342773438]","[1021.7499389648438, 961.1114501953125]"
69,"[0.0, 0.0]","[0.0, 0.0]","[0.0, 0.0]","[0.0, 0.0]","[0.0, 0.0]","[0.0, 0.0]","[0.0, 0.0]","[1425.0362548828125, 171.29965209960938]","[1017.2550659179688, 156.74789428710938]","[1412.5028076171875, 412.6585693359375]","[979.0888671875, 373.97772216796875]","[1253.3367919921875, 318.7488098144531]","[1079.1544189453125, 303.2115478515625]","[1186.065185546875, 671.3253784179688]","[984.7071533203125, 645.7483520507812]","[1273.31591796875, 1005.6514892578125]","[1031.3779296875, 954.4473876953125]"
70,"[0.0, 0.0]","[0.0, 0.0]","[0.0, 0.0]","[0.0, 0.0]","[0.0, 0.0]","[0.0, 0.0]","[0.0, 0.0]","[1419.0281982421875, 187.33071899414062]","[999.714111328125, 169.303466796875]","[1406.7880859375, 419.16058349609375]","[973.7305297851562, 376.540283203125]","[1256.6798095703125, 321.07476806640625]","[1075.8702392578125, 305.1390380859375]","[1199.7841796875, 678.977294921875]","[998.7035522460938, 651.96337890625]","[1244.981201171875, 1008.6767578125]","[1022.6795654296875, 952.52587890625]"
71,"[0.0, 0.0]","[0.0, 0.0]","[0.0, 0.0]","[0.0, 0.0]","[0.0, 0.0]","[0.0, 0.0]","[0.0, 0.0]","[1406.935302734375, 183.80441284179688]","[996.3934326171875, 184.92979431152344]","[1411.050048828125, 417.67327880859375]","[975.14892578125, 380.33111572265625]","[1257.2274169921875, 324.06634521484375]","[1077.767822265625, 313.36480712890625]","[1202.715576171875, 667.5447998046875]","[1009.8673095703125, 648.7978515625]","[1213.541259765625, 990.6148681640625]","[1019.5819091796875, 938.9136962890625]"
72,"[0.0, 0.0]","[0.0, 0.0]","[0.0, 0.0]","[0.0, 0.0]","[0.0, 0.0]","[0.0, 0.0]","[0.0, 0.0]","[1395.21826171875, 190.55453491210938]","[991.5234375, 189.088134765625]","[1405.98876953125, 420.7874450683594]","[974.9595947265625, 386.99505615234375]","[1260.0997314453125, 344.7521667480469]","[1075.621337890625, 336.6327819824219]","[1210.7978515625, 673.0438842773438]","[1017.2880859375, 661.7432250976562]","[1192.63623046875, 977.1690673828125]","[1018.675048828125, 942.5227661132812]"
73,"[0.0, 0.0]","[0.0, 0.0]","[0.0, 0.0]","[0.0, 0.0]","[0.0, 0.0]","[1289.611572265625, 30.030532836914062]","[0.0, 0.0]","[1394.36767578125, 200.80165100097656]","[985.0808715820312, 203.3767547607422]","[1393.1539306640625, 435.4481506347656]","[972.8285522460938, 403.26776123046875]","[1261.86572265625, 360.55633544921875]","[1070.906494140625, 353.3541259765625]","[1217.47021484375, 676.6383056640625]","[1015.5547485351562, 666.082763671875]","[1191.161865234375, 969.8406372070312]","[1021.1727294921875, 932.27978515625]"
74,"[0.0, 0.0]","[0.0, 0.0]","[0.0, 0.0]","[0.0, 0.0]","[0.0, 0.0]","[0.0, 0.0]","[0.0, 0.0]","[1395.503173828125, 187.56234741210938]","[978.1361083984375, 192.47286987304688]","[1385.0338134765625, 442.4189758300781]","[969.9490966796875, 415.5848693847656]","[1264.3499755859375, 361.5065002441406]","[1065.44580078125, 354.32086181640625]","[1219.308349609375, 682.208740234375]","[1015.029052734375, 671.5709838867188]","[1188.520263671875, 974.690673828125]","[1024.2767333984375, 935.3101806640625]"
75,"[0.0, 0.0]","[0.0, 0.0]","[0.0, 0.0]","[0.0, 0.0]","[0.0, 0.0]","[0.0, 0.0]","[0.0, 0.0]","[1384.5762939453125, 178.89816284179688]","[970.3419799804688, 202.39349365234375]","[1379.2559814453125, 453.2245788574219]","[972.0668334960938, 441.4838562011719]","[1255.8428955078125, 370.3307189941406]","[1056.735107421875, 368.8168029785156]","[1223.4061279296875, 682.111572265625]","[1014.267822265625, 681.09521484375]","[1200.4521484375, 967.0164184570312]","[1028.311279296875, 940.17041015625]"
76,"[0.0, 0.0]","[0.0, 0.0]","[0.0, 0.0]","[0.0, 0.0]","[0.0, 0.0]","[1293.5247802734375, 24.836700439453125]","[997.7715454101562, 16.128204345703125]","[1377.6640625, 198.17303466796875]","[952.8942260742188, 205.71783447265625]","[1371.7384033203125, 481.8844299316406]","[969.4061279296875, 470.3447570800781]","[1253.0748291015625, 381.97442626953125]","[1051.6707763671875, 377.09393310546875]","[1230.072998046875, 694.0079345703125]","[1015.2039794921875, 686.6492919921875]","[1208.997314453125, 970.780029296875]","[1029.5562744140625, 938.7176513671875]"
77,"[0.0, 0.0]","[0.0, 0.0]","[0.0, 0.0]","[0.0, 0.0]","[0.0, 0.0]","[1239.8033447265625, 36.27735900878906]","[960.2634887695312, 48.995361328125]","[1366.992431640625, 222.37652587890625]","[949.44580078125, 250.34201049804688]","[1359.81494140625, 493.2904357910156]","[952.1654663085938, 491.80267333984375]","[1236.7095947265625, 394.8026123046875]","[1047.806884765625, 393.2496337890625]","[1219.18359375, 695.7459716796875]","[1010.627197265625, 690.25341796875]","[1206.959716796875, 967.8469848632812]","[1041.738037109375, 934.5972900390625]"
78,"[975.472900390625, 31.949935913085938]","[1001.59375, 0.953521728515625]","[0.0, 0.0]","[1089.048828125, 0.0]","[0.0, 0.0]","[1239.953857421875, 95.54443359375]","[955.38427734375, 120.17120361328125]","[1368.34765625, 316.2142333984375]","[946.2996826171875, 339.06414794921875]","[1346.5841064453125, 551.8637084960938]","[948.6740112304688, 537.1988525390625]","[1244.05517578125, 406.32794189453125]","[1057.0462646484375, 408.6109313964844]","[1225.4293212890625, 706.0985717773438]","[1018.6728515625, 709.874755859375]","[1203.293701171875, 972.1865844726562]","[1032.5360107421875, 965.2906494140625]"
79,"[980.4508056640625, 106.10971069335938]","[1010.0396728515625, 72.36927795410156]","[956.7706298828125, 71.8205795288086]","[1101.2626953125, 48.63935852050781]","[0.0, 0.0]","[1233.464111328125, 160.2619171142578]","[965.9571533203125, 172.88796997070312]","[1341.463134765625, 379.08349609375]","[945.5055541992188, 400.58990478515625]","[1345.177001953125, 596.2674560546875]","[931.630126953125, 598.19921875]","[1236.8740234375, 423.6720886230469]","[1061.615966796875, 423.3699645996094]","[1234.5924072265625, 711.7713623046875]","[1026.9385986328125, 713.5742797851562]","[1217.0111083984375, 982.2416381835938]","[1042.46728515625, 976.7206420898438]"
80,"[989.9166259765625, 183.35165405273438]","[1023.087890625, 155.13125610351562]","[968.649169921875, 146.47952270507812]","[1113.404052734375, 131.85067749023438]","[0.0, 0.0]","[1234.485595703125, 224.73385620117188]","[971.2025756835938, 217.96127319335938]","[1339.166748046875, 437.21484375]","[937.6072998046875, 427.4537658691406]","[1339.334228515625, 648.6402587890625]","[910.199462890625, 612.7584228515625]","[1231.787353515625, 442.1355285644531]","[1059.5386962890625, 434.3123779296875]","[1241.0247802734375, 710.3323974609375]","[1033.113037109375, 699.2608642578125]","[1215.79052734375, 975.9114990234375]","[1038.181640625, 946.0147705078125]"
81,"[999.4909057617188, 259.0855712890625]","[1033.6483154296875, 230.92098999023438]","[975.8394775390625, 219.37167358398438]","[1124.63330078125, 201.52490234375]","[0.0, 0.0]","[1247.79296875, 281.9914245605469]","[968.9976806640625, 270.031005859375]","[1338.4942626953125, 496.6175537109375]","[923.988525390625, 480.29449462890625]","[1339.67431640625, 684.7904663085938]","[890.9833374023438, 653.07373046875]","[1239.608642578125, 453.4010925292969]","[1058.778076171875, 443.4216613769531]","[1246.8837890625, 704.9876708984375]","[1033.10546875, 691.3058471679688]","[1202.50537109375, 968.3065185546875]","[1038.8812255859375, 938.690185546875]"
82,"[1007.7727661132812, 322.958251953125]","[1046.7998046875, 299.23687744140625]","[989.581787109375, 277.94122314453125]","[1134.759033203125, 269.1963806152344]","[0.0, 0.0]","[1241.553466796875, 327.4743347167969]","[957.71484375, 301.5074768066406]","[1324.19775390625, 534.452392578125]","[913.9700317382812, 512.9171142578125]","[1323.460693359375, 697.4405517578125]","[879.5771484375, 683.3441772460938]","[1218.84033203125, 463.0763854980469]","[1033.1767578125, 448.71075439453125]","[1240.3941650390625, 715.6664428710938]","[1021.7705078125, 690.6571044921875]","[1183.276611328125, 995.5112915039062]","[1042.96337890625, 938.3717651367188]"
83,"[1019.022705078125, 379.636962890625]","[1059.778564453125, 356.29168701171875]","[999.8599853515625, 331.054931640625]","[1148.8499755859375, 317.8760986328125]","[0.0, 0.0]","[1245.185546875, 365.68084716796875]","[958.611328125, 323.3708801269531]","[1297.8233642578125, 592.0783081054688]","[908.5555419921875, 529.6597290039062]","[1267.3896484375, 789.982421875]","[850.6676025390625, 702.6840209960938]","[1224.1591796875, 483.6485595703125]","[1034.91064453125, 462.40008544921875]","[1253.820068359375, 731.3670043945312]","[1023.4755859375, 699.3746948242188]","[1200.499755859375, 1002.555908203125]","[1052.521728515625, 936.348388671875]"
84,"[1032.7255859375, 424.31414794921875]","[1070.522216796875, 401.50714111328125]","[1011.9927978515625, 379.179931640625]","[1158.746826171875, 356.5445251464844]","[0.0, 0.0]","[1247.391845703125, 377.81768798828125]","[966.1517944335938, 357.81768798828125]","[1284.044921875, 566.4883422851562]","[889.4034423828125, 570.3204956054688]","[1279.596435546875, 678.156005859375]","[851.4547119140625, 724.74365234375]","[1217.3446044921875, 526.07470703125]","[1032.32421875, 517.99365234375]","[1275.012451171875, 712.4058227539062]","[1047.019287109375, 695.10595703125]","[1201.0657958984375, 982.9046630859375]","[1049.985595703125, 938.8330078125]"
85,"[1049.01806640625, 463.2335205078125]","[1082.2408447265625, 444.0003662109375]","[1032.130126953125, 421.4588928222656]","[1156.8062744140625, 401.85662841796875]","[0.0, 0.0]","[1235.9671630859375, 413.2691650390625]","[964.605712890625, 390.4678955078125]","[1271.998779296875, 582.0520629882812]","[872.6099853515625, 588.6409301757812]","[1261.0927734375, 682.11279296875]","[828.5106811523438, 736.4730224609375]","[1210.5880126953125, 531.5136108398438]","[1032.4705810546875, 523.25244140625]","[1267.422607421875, 713.39453125]","[1045.5059814453125, 694.39599609375]","[1202.73193359375, 990.8856811523438]","[1044.33056640625, 942.2279663085938]"
86,"[1043.338134765625, 485.4566345214844]","[1082.4521484375, 468.3294982910156]","[1029.0040283203125, 440.7996826171875]","[1163.9345703125, 431.44775390625]","[0.0, 0.0]","[1234.65625, 442.0873718261719]","[964.0365600585938, 412.59765625]","[1266.7578125, 599.0313720703125]","[866.10595703125, 600.7146606445312]","[1241.586181640625, 701.4669189453125]","[818.1864013671875, 740.87548828125]","[1204.425048828125, 560.5613403320312]","[1026.572509765625, 548.591552734375]","[1269.9986572265625, 721.6647338867188]","[1044.6246337890625, 694.0]","[1202.1427001953125, 992.92431640625]","[1046.152099609375, 922.5108642578125]"
87,"[1060.3880615234375, 509.10595703125]","[1095.526123046875, 488.21905517578125]","[1041.8206787109375, 465.87432861328125]","[1168.873291015625, 446.2431335449219]","[0.0, 0.0]","[1230.86962890625, 461.280029296875]","[961.9637451171875, 429.3748779296875]","[1231.688720703125, 643.3021850585938]","[856.4284057617188, 619.5675048828125]","[1175.167236328125, 746.807861328125]","[811.93505859375, 745.219482421875]","[1171.4630126953125, 585.0157470703125]","[992.5328979492188, 574.7924194335938]","[1275.2451171875, 692.364013671875]","[1044.13671875, 674.811767578125]","[1201.50048828125, 977.1447143554688]","[1031.744384765625, 935.3961181640625]"
88,"[1099.42138671875, 524.473876953125]","[1124.9229736328125, 501.06427001953125]","[1077.8695068359375, 488.5064697265625]","[0.0, 0.0]","[1039.772705078125, 429.461669921875]","[1218.349609375, 463.7939758300781]","[958.0965576171875, 447.8901672363281]","[1230.5811767578125, 630.679931640625]","[841.038330078125, 623.5812377929688]","[1184.297607421875, 748.6771240234375]","[795.1041870117188, 755.034423828125]","[1150.6778564453125, 599.8277587890625]","[979.8473510742188, 598.6195068359375]","[1253.9029541015625, 687.6284790039062]","[1033.530029296875, 685.7464599609375]","[1203.667724609375, 963.5067138671875]","[1032.162353515625, 950.2481689453125]"
89,"[1083.832275390625, 528.0548095703125]","[1114.345947265625, 505.7665100097656]","[1063.82080078125, 487.3237609863281]","[1170.508056640625, 462.00567626953125]","[1032.865478515625, 424.7229309082031]","[1209.669189453125, 473.32330322265625]","[957.230712890625, 455.31365966796875]","[1219.1162109375, 647.9451904296875]","[835.1817626953125, 650.5494384765625]","[1179.8453369140625, 772.309814453125]","[790.6031494140625, 771.9417114257812]","[1158.0850830078125, 608.4864501953125]","[991.7074584960938, 605.73046875]","[1252.7728271484375, 678.216796875]","[1026.3740234375, 671.16845703125]","[1211.570556640625, 973.9012451171875]","[1029.0977783203125, 940.5601806640625]"
90,"[1075.93408203125, 525.9847412109375]","[1106.841552734375, 501.708251953125]","[1055.607177734375, 484.451171875]","[1160.127197265625, 461.809326171875]","[1026.4444580078125, 427.7052001953125]","[1190.896240234375, 476.4515075683594]","[957.4938354492188, 472.802734375]","[1200.0570068359375, 627.4593505859375]","[831.9410400390625, 663.962890625]","[1142.6959228515625, 736.20703125]","[795.2568969726562, 763.2464599609375]","[1148.3829345703125, 619.9947509765625]","[993.1016235351562, 623.4689331054688]","[1241.7691650390625, 647.8460083007812]","[1021.578857421875, 646.924560546875]","[1216.3548583984375, 969.1928100585938]","[1026.168212890625, 934.91796875]"
91,"[1071.9622802734375, 520.12744140625]","[1105.8687744140625, 496.8904724121094]","[1050.110107421875, 476.8735656738281]","[1160.5517578125, 462.227783203125]","[1022.4893798828125, 424.60906982421875]","[1180.86865234375, 486.2808837890625]","[951.1534423828125, 481.0935974121094]","[1188.852294921875, 635.1024780273438]","[812.189208984375, 676.2647705078125]","[1140.9239501953125, 728.9046020507812]","[755.7918701171875, 781.5677490234375]","[1108.54931640625, 644.9982299804688]","[960.7608032226562, 647.086181640625]","[1224.7164306640625, 646.40234375]","[1032.5693359375, 641.5802001953125]","[1211.74365234375, 978.8442993164062]","[1059.5712890625, 942.9541625976562]"
92,"[1070.92626953125, 513.8523559570312]","[1105.98583984375, 488.01165771484375]","[1049.32080078125, 468.9866638183594]","[1150.984130859375, 462.51434326171875]","[1014.8384399414062, 423.4752502441406]","[1155.0865478515625, 511.32781982421875]","[935.5706176757812, 495.2465515136719]","[1186.85107421875, 663.0745849609375]","[800.5640258789062, 684.8699951171875]","[1162.2252197265625, 748.5589599609375]","[740.2152099609375, 797.5526123046875]","[1065.733642578125, 692.8008422851562]","[925.9077758789062, 692.1607666015625]","[1209.5875244140625, 631.8328857421875]","[1020.9368896484375, 622.2037353515625]","[1211.3544921875, 975.36328125]","[1056.2275390625, 940.5038452148438]"
93,"[1074.4727783203125, 502.1688537597656]","[1105.7630615234375, 475.4346923828125]","[1054.02197265625, 461.39068603515625]","[0.0, 0.0]","[1011.340576171875, 426.3251037597656]","[1123.8431396484375, 519.054443359375]","[916.79150390625, 505.3125]","[1165.0736083984375, 669.1982421875]","[785.600830078125, 693.3236083984375]","[0.0, 0.0]","[727.48095703125, 819.136962890625]","[1027.490234375, 718.634033203125]","[896.321533203125, 721.8641357421875]","[1198.691650390625, 619.7462768554688]","[1010.87744140625, 615.29443359375]","[1212.7999267578125, 967.5082397460938]","[1052.119873046875, 946.1325073242188]"
94,"[1064.8563232421875, 493.5751647949219]","[1095.0760498046875, 464.2782897949219]","[1041.8763427734375, 454.8031311035156]","[1123.1884765625, 447.2102966308594]","[999.1728515625, 426.88250732421875]","[1109.3341064453125, 514.67578125]","[902.481689453125, 508.76959228515625]","[1148.63623046875, 646.2701416015625]","[773.17333984375, 691.2578735351562]","[1143.9306640625, 675.2498779296875]","[727.0447998046875, 824.0537109375]","[1003.452880859375, 743.3574829101562]","[871.422119140625, 751.0909423828125]","[1186.5743408203125, 612.1806640625]","[990.5341796875, 611.4450073242188]","[1213.158935546875, 955.662841796875]","[1043.2239990234375, 952.0116577148438]"
95,"[1048.9530029296875, 484.90081787109375]","[1075.733154296875, 457.0961608886719]","[1028.361572265625, 448.7536926269531]","[0.0, 0.0]","[986.4080200195312, 422.2193603515625]","[1084.7412109375, 507.0347900390625]","[889.0380249023438, 503.959228515625]","[1122.3946533203125, 626.9391479492188]","[766.7550659179688, 672.8639526367188]","[1122.00390625, 667.288818359375]","[725.9456787109375, 799.93310546875]","[993.9900512695312, 742.3673095703125]","[866.5859985351562, 751.9940185546875]","[1179.9342041015625, 612.143798828125]","[975.7200927734375, 614.9054565429688]","[1210.60009765625, 948.8885498046875]","[1022.825439453125, 946.6370849609375]"
96,"[1039.9951171875, 477.96966552734375]","[1064.556640625, 449.7755126953125]","[1018.7884521484375, 444.14990234375]","[0.0, 0.0]","[973.9326171875, 424.70745849609375]","[1048.1715087890625, 515.2154541015625]","[875.7584838867188, 506.09698486328125]","[1069.709716796875, 634.7409057617188]","[755.9116821289062, 656.8795776367188]","[1056.0537109375, 665.0750122070312]","[707.903076171875, 787.720458984375]","[935.9771118164062, 769.3743896484375]","[825.2464599609375, 776.4904174804688]","[1145.3272705078125, 610.4716796875]","[979.236083984375, 609.6531372070312]","[1200.450927734375, 934.7239990234375]","[1053.4757080078125, 942.5634155273438]"
97,"[1018.715576171875, 474.17413330078125]","[1043.016845703125, 445.35589599609375]","[996.2257690429688, 441.67730712890625]","[0.0, 0.0]","[949.5811767578125, 430.4642028808594]","[1016.08740234375, 524.5904541015625]","[850.6950073242188, 519.7914428710938]","[1062.6390380859375, 638.857421875]","[734.2992553710938, 671.6702880859375]","[1078.61328125, 661.0113525390625]","[699.9259033203125, 794.846923828125]","[900.4951171875, 790.2723999023438]","[796.39794921875, 801.5302734375]","[1134.6822509765625, 610.509765625]","[979.5672607421875, 614.11767578125]","[1193.9586181640625, 925.1663818359375]","[1052.363525390625, 938.802978515625]"
98,"[993.3211669921875, 467.9263916015625]","[1016.795166015625, 442.0068054199219]","[973.5390014648438, 435.87255859375]","[0.0, 0.0]","[927.3228759765625, 426.04681396484375]","[979.0592651367188, 530.23046875]","[830.3006591796875, 521.1175537109375]","[1025.83544921875, 647.0794067382812]","[713.9174194335938, 678.8401489257812]","[1050.818603515625, 676.78759765625]","[704.0186767578125, 806.1773681640625]","[879.5360107421875, 795.9208984375]","[784.8707885742188, 807.8033447265625]","[1125.36962890625, 625.4984130859375]","[980.4639892578125, 627.6085205078125]","[1193.695556640625, 923.7115478515625]","[1044.938720703125, 930.3226318359375]"
99,"[967.675537109375, 463.51361083984375]","[984.787353515625, 437.37158203125]","[945.623291015625, 435.03460693359375]","[0.0, 0.0]","[893.7123413085938, 429.8514404296875]","[950.2454833984375, 527.7160034179688]","[801.024658203125, 520.2376708984375]","[1000.4111328125, 653.7823486328125]","[698.4039916992188, 684.17724609375]","[1037.16845703125, 687.0368041992188]","[717.5670166015625, 806.3154296875]","[875.5430908203125, 781.0028076171875]","[781.80810546875, 796.0712890625]","[1123.740478515625, 634.9978637695312]","[982.8836059570312, 644.2997436523438]","[1174.080810546875, 915.7181396484375]","[1032.854248046875, 939.094970703125]"
100,"[946.110107421875, 457.370361328125]","[958.7565307617188, 431.5765380859375]","[923.0399169921875, 430.95147705078125]","[0.0, 0.0]","[864.4940185546875, 427.10955810546875]","[919.7426147460938, 516.9180297851562]","[783.6802978515625, 522.9483642578125]","[976.3782348632812, 636.8585815429688]","[673.974365234375, 682.4932861328125]","[1025.652587890625, 657.058349609375]","[714.9595336914062, 805.6609497070312]","[900.05078125, 786.7959594726562]","[817.325927734375, 808.4430541992188]","[1082.591064453125, 636.2877197265625]","[977.0858154296875, 647.7327880859375]","[1183.0946044921875, 905.2510986328125]","[1076.99365234375, 926.4321899414062]"
101,"[910.3656005859375, 455.2666015625]","[921.96923828125, 430.3871154785156]","[888.7073364257812, 429.8118896484375]","[0.0, 0.0]","[836.3065185546875, 429.190673828125]","[901.25, 517.3510131835938]","[755.9552612304688, 521.8328247070312]","[956.3316650390625, 638.1055908203125]","[671.5638427734375, 679.4837036132812]","[1008.4575805664062, 652.1174926757812]","[694.41650390625, 810.0523681640625]","[899.4903564453125, 780.7608642578125]","[805.240478515625, 802.8909912109375]","[1098.0335693359375, 625.0045166015625]","[940.610595703125, 639.0073852539062]","[1186.1531982421875, 908.555419921875]","[1031.2855224609375, 935.5374755859375]"
102,"[879.0103759765625, 449.81890869140625]","[893.3966064453125, 427.5249938964844]","[858.4871826171875, 422.4462890625]","[0.0, 0.0]","[811.8052368164062, 424.84820556640625]","[860.8163452148438, 524.453857421875]","[742.3422241210938, 523.937744140625]","[916.0811767578125, 625.25146484375]","[661.9349365234375, 689.18212890625]","[1001.8765869140625, 636.3219604492188]","[712.331298828125, 811.5062255859375]","[865.1602783203125, 772.5712890625]","[788.8588256835938, 795.402587890625]","[1105.015625, 625.766357421875]","[978.3880615234375, 639.8325805664062]","[1174.799072265625, 888.8172607421875]","[1036.9395751953125, 911.3460693359375]"
103,"[857.5037841796875, 446.16973876953125]","[863.8194580078125, 423.78460693359375]","[834.2279663085938, 423.8873291015625]","[0.0, 0.0]","[778.24951171875, 430.67218017578125]","[836.304443359375, 518.4022216796875]","[716.976806640625, 526.7089233398438]","[906.4771728515625, 630.005126953125]","[639.3453369140625, 689.1014404296875]","[1005.823974609375, 609.5384521484375]","[730.889892578125, 799.7631225585938]","[881.8679809570312, 776.7139892578125]","[810.3927612304688, 804.708251953125]","[1063.0301513671875, 626.083740234375]","[978.422119140625, 643.183349609375]","[1172.0072021484375, 872.6956787109375]","[1091.95556640625, 906.0889892578125]"
104,"[828.4443359375, 448.8787536621094]","[834.2569580078125, 429.0918273925781]","[809.4248657226562, 424.1889953613281]","[0.0, 0.0]","[756.7131958007812, 428.2940368652344]","[808.690673828125, 524.8673095703125]","[696.9305419921875, 528.1751708984375]","[899.2921142578125, 627.2144775390625]","[634.295654296875, 706.0405883789062]","[996.052734375, 623.6686401367188]","[730.625, 815.123779296875]","[876.0477294921875, 753.2371215820312]","[810.1025390625, 780.3046875]","[1087.79345703125, 623.9658203125]","[1020.7897338867188, 639.2276611328125]","[1168.54345703125, 853.896728515625]","[1109.648193359375, 872.8024291992188]"
105,"[805.6715698242188, 451.8553161621094]","[809.011962890625, 434.41302490234375]","[786.34326171875, 429.6663818359375]","[0.0, 0.0]","[733.6466064453125, 440.1513671875]","[792.1148071289062, 533.8018798828125]","[680.106689453125, 541.0006713867188]","[906.4835205078125, 631.7415771484375]","[633.103515625, 717.6160888671875]","[988.8089599609375, 622.494384765625]","[733.6227416992188, 808.7872924804688]","[873.9049072265625, 742.5565795898438]","[807.4385375976562, 771.138427734375]","[1090.34521484375, 622.7509765625]","[1024.563232421875, 638.264404296875]","[1185.0928955078125, 837.1669921875]","[1123.85400390625, 851.0458984375]"
106,"[777.5612182617188, 462.451171875]","[783.6656494140625, 445.3013916015625]","[758.1489868164062, 440.4855651855469]","[0.0, 0.0]","[711.0265502929688, 450.5416259765625]","[777.6773071289062, 539.9420166015625]","[664.060302734375, 553.5379638671875]","[882.3106689453125, 626.33349609375]","[618.98193359375, 721.9527587890625]","[957.532958984375, 628.0679321289062]","[737.0081176757812, 802.7926025390625]","[878.1025390625, 736.844970703125]","[811.8484497070312, 769.2476806640625]","[1086.4072265625, 618.2513427734375]","[1031.768798828125, 638.4761962890625]","[1172.397216796875, 819.7890014648438]","[1138.864013671875, 831.8787841796875]"
107,"[760.0567016601562, 468.68115234375]","[763.8828735351562, 453.6125793457031]","[739.271728515625, 449.409423828125]","[0.0, 0.0]","[693.46728515625, 466.78271484375]","[757.5089721679688, 549.6068725585938]","[659.808349609375, 565.120361328125]","[853.0398559570312, 618.5305786132812]","[612.5850830078125, 721.3016357421875]","[926.4197387695312, 596.44140625]","[733.884521484375, 790.341552734375]","[876.9649658203125, 731.9903564453125]","[820.372802734375, 765.63720703125]","[1085.009033203125, 619.5759887695312]","[1041.2586669921875, 639.9391479492188]","[1169.13720703125, 815.5601806640625]","[1135.66796875, 831.5439453125]"
108,"[740.9405517578125, 476.6986083984375]","[743.4844970703125, 462.62774658203125]","[716.8920288085938, 461.10125732421875]","[0.0, 0.0]","[674.166748046875, 489.0528564453125]","[746.694091796875, 570.8049926757812]","[654.4308471679688, 587.9216918945312]","[840.1265869140625, 631.7012329101562]","[613.651611328125, 724.2808227539062]","[901.0745849609375, 597.80419921875]","[728.3403930664062, 787.1603393554688]","[870.7808837890625, 742.8182373046875]","[818.546142578125, 776.3203125]","[1073.4241943359375, 615.5618896484375]","[1035.4456787109375, 635.2022705078125]","[1180.241455078125, 795.427001953125]","[1154.2901611328125, 818.947265625]"
109,"[729.1634521484375, 485.7132568359375]","[731.9488525390625, 472.8525695800781]","[705.7452392578125, 471.8685607910156]","[0.0, 0.0]","[661.5140991210938, 499.44024658203125]","[730.010498046875, 576.5853881835938]","[645.1497192382812, 599.6405029296875]","[852.1514282226562, 629.0922241210938]","[613.9463500976562, 724.8427734375]","[893.632080078125, 598.8817138671875]","[730.3500366210938, 783.0038452148438]","[858.5484619140625, 745.997314453125]","[812.5565185546875, 781.11181640625]","[1048.215576171875, 616.4002685546875]","[1033.60009765625, 631.6724243164062]","[1216.125244140625, 775.417236328125]","[1206.560546875, 784.544677734375]"
110,"[710.0220947265625, 504.2401123046875]","[716.4910888671875, 490.7214660644531]","[687.564697265625, 488.564453125]","[713.5025634765625, 516.7241821289062]","[648.8943481445312, 515.2073974609375]","[723.0244140625, 594.7060546875]","[637.6011352539062, 610.9892578125]","[831.5284423828125, 639.1944580078125]","[619.8450927734375, 731.3889770507812]","[890.5548706054688, 594.660888671875]","[730.9201049804688, 790.4774169921875]","[848.0252685546875, 757.2572021484375]","[800.2120971679688, 789.3605346679688]","[1050.39501953125, 609.8880615234375]","[1024.782470703125, 623.7371826171875]","[1188.8348388671875, 790.8060302734375]","[1182.7967529296875, 803.822021484375]"
111,"[688.8469848632812, 517.44287109375]","[690.6334228515625, 505.6998291015625]","[670.600341796875, 505.27020263671875]","[680.7678833007812, 531.075439453125]","[640.9939575195312, 533.399169921875]","[697.26220703125, 599.6031494140625]","[641.5818481445312, 621.3043823242188]","[800.1527099609375, 628.7861328125]","[620.7481689453125, 720.208251953125]","[862.3707275390625, 599.6764526367188]","[731.4583740234375, 773.7012939453125]","[857.2549438476562, 729.63720703125]","[828.2481689453125, 764.6632690429688]","[1043.4466552734375, 594.4241943359375]","[1030.5830078125, 613.2526245117188]","[1209.824462890625, 756.2567138671875]","[1204.8331298828125, 773.7449340820312]"
112,"[674.654296875, 523.9381713867188]","[681.974853515625, 513.1590576171875]","[659.4259033203125, 513.9954833984375]","[688.9912109375, 540.650146484375]","[642.200439453125, 543.9156494140625]","[709.5834350585938, 606.0482177734375]","[641.5155029296875, 631.321533203125]","[812.6378173828125, 627.8179931640625]","[619.5540161132812, 723.4713134765625]","[859.9378662109375, 605.4678955078125]","[725.9315185546875, 774.98681640625]","[853.9480590820312, 722.4722290039062]","[816.7503662109375, 756.82373046875]","[1043.0731201171875, 600.3760986328125]","[1024.8751220703125, 617.913818359375]","[1227.7509765625, 758.1826171875]","[1220.330322265625, 771.303466796875]"
113,"[670.7056274414062, 530.9180908203125]","[675.0527954101562, 516.4906005859375]","[647.232666015625, 524.6329345703125]","[682.6625366210938, 540.215576171875]","[623.627197265625, 562.5554809570312]","[708.888671875, 603.49658203125]","[639.44482421875, 645.5245971679688]","[805.3360595703125, 627.0477905273438]","[613.1207885742188, 729.619384765625]","[813.9659423828125, 618.650146484375]","[717.6926879882812, 770.539306640625]","[866.5909423828125, 713.2236328125]","[828.524658203125, 753.89892578125]","[1033.7039794921875, 600.5919189453125]","[1017.4710693359375, 628.6109619140625]","[1229.2254638671875, 749.900390625]","[1215.489990234375, 780.9845581054688]"
114,"[658.4795532226562, 538.71435546875]","[659.1806640625, 525.9070434570312]","[639.9139404296875, 534.9385986328125]","[658.4254760742188, 550.3095703125]","[621.171630859375, 573.01171875]","[705.6116943359375, 607.280517578125]","[632.0196533203125, 651.514404296875]","[796.6009521484375, 637.0468139648438]","[626.553466796875, 726.7584838867188]","[782.1761474609375, 654.074951171875]","[712.7032470703125, 747.5747680664062]","[884.8804321289062, 701.033447265625]","[842.040771484375, 743.1900634765625]","[1065.9923095703125, 624.6353759765625]","[1041.2933349609375, 658.3973999023438]","[1260.0106201171875, 753.4689331054688]","[1254.7568359375, 786.144287109375]"
115,"[647.2974853515625, 537.5440673828125]","[648.890380859375, 526.7265625]","[631.1397705078125, 533.77099609375]","[646.3589477539062, 555.37939453125]","[615.6649169921875, 572.7762451171875]","[683.600830078125, 615.0776977539062]","[627.918212890625, 647.5806884765625]","[750.7049560546875, 643.8557739257812]","[611.8110961914062, 710.7451782226562]","[0.0, 0.0]","[697.8723754882812, 748.6748046875]","[868.6859130859375, 706.7911376953125]","[836.7830200195312, 744.8399047851562]","[1043.2945556640625, 615.02197265625]","[1025.609375, 644.1143798828125]","[1246.776611328125, 746.7533569335938]","[1240.9375, 778.54248046875]"
116,"[632.0258178710938, 539.882080078125]","[635.5640258789062, 528.3685302734375]","[615.144775390625, 535.0770263671875]","[638.1051025390625, 556.42626953125]","[600.3203125, 571.650390625]","[679.2123413085938, 617.5870361328125]","[617.0055541992188, 641.2449951171875]","[746.3391723632812, 653.7164306640625]","[597.6824951171875, 702.3106689453125]","[752.86181640625, 675.0009765625]","[691.4482421875, 738.7571411132812]","[877.130859375, 705.7468872070312]","[840.46044921875, 741.6092529296875]","[1057.9486083984375, 644.3184204101562]","[1042.1195068359375, 669.6172485351562]","[1256.11279296875, 760.70068359375]","[1250.2451171875, 792.2108154296875]"
117,"[635.781494140625, 550.5252685546875]","[641.2715454101562, 537.3101196289062]","[615.6629638671875, 545.975830078125]","[650.8177490234375, 561.0071411132812]","[600.3311767578125, 581.5376586914062]","[688.527587890625, 622.3660278320312]","[626.8634033203125, 649.4949340820312]","[766.3159790039062, 655.85693359375]","[607.1643676757812, 709.3421630859375]","[776.138427734375, 664.1331176757812]","[688.5379028320312, 745.5897216796875]","[874.7037963867188, 705.0636596679688]","[838.8963623046875, 741.0470581054688]","[1064.41162109375, 668.3267822265625]","[1052.8812255859375, 693.465087890625]","[1264.5692138671875, 747.327880859375]","[1255.23291015625, 784.322509765625]"
118,"[634.513671875, 557.9857177734375]","[640.3577880859375, 543.8906860351562]","[614.3137817382812, 553.4093627929688]","[650.6231689453125, 565.3433837890625]","[599.4171142578125, 587.65625]","[687.3900146484375, 625.0217895507812]","[627.54052734375, 654.3084106445312]","[769.1929321289062, 656.5278930664062]","[615.447998046875, 710.4888305664062]","[773.4336547851562, 663.68017578125]","[689.92041015625, 743.6602783203125]","[872.06103515625, 712.5677490234375]","[837.1085815429688, 748.7466430664062]","[1060.810791015625, 670.7259521484375]","[1049.1962890625, 695.63916015625]","[1274.59228515625, 752.1238403320312]","[1265.5673828125, 788.70703125]"
119,"[631.60693359375, 559.6912841796875]","[638.6846923828125, 545.3532104492188]","[612.4923706054688, 555.336181640625]","[650.9008178710938, 566.9169921875]","[601.0304565429688, 589.4990234375]","[687.5723266601562, 627.9351806640625]","[630.3218383789062, 655.585693359375]","[760.47119140625, 666.243408203125]","[624.9800415039062, 708.4520874023438]","[765.98974609375, 689.427001953125]","[693.5633544921875, 740.278564453125]","[875.7113037109375, 712.4226684570312]","[841.5602416992188, 748.6956787109375]","[1074.360107421875, 698.5733642578125]","[1062.5048828125, 726.4674072265625]","[1300.884765625, 768.9827880859375]","[1294.9073486328125, 810.2623901367188]"
120,"[626.2799072265625, 568.1534423828125]","[634.980224609375, 550.3731689453125]","[604.2412109375, 563.9447021484375]","[651.6600952148438, 562.545654296875]","[586.2054443359375, 592.64599609375]","[679.6934814453125, 619.82177734375]","[616.7503662109375, 657.2197265625]","[752.6265258789062, 670.5538330078125]","[629.0784912109375, 724.302490234375]","[754.4229125976562, 713.7756958007812]","[698.1918334960938, 754.722900390625]","[879.113037109375, 720.3511962890625]","[838.13623046875, 763.489501953125]","[1080.452392578125, 711.025146484375]","[1076.088623046875, 751.5679321289062]","[1322.7548828125, 773.375244140625]","[1322.7755126953125, 824.8326416015625]"
121,"[620.1052856445312, 568.1317138671875]","[630.5604248046875, 551.27294921875]","[0.0, 0.0]","[651.5385131835938, 570.172119140625]","[0.0, 0.0]","[678.786376953125, 630.353515625]","[641.2120971679688, 655.6578979492188]","[712.126953125, 694.6045532226562]","[651.1982421875, 720.0957641601562]","[0.0, 0.0]","[710.1527099609375, 730.38818359375]","[900.350341796875, 722.34716796875]","[874.9674072265625, 760.2344970703125]","[1102.08154296875, 746.6094970703125]","[1100.04296875, 779.2310791015625]","[1341.6507568359375, 803.7926025390625]","[1339.342041015625, 846.337158203125]"
122,"[621.8475341796875, 569.9463500976562]","[627.1099853515625, 552.2261352539062]","[602.2608032226562, 566.9605712890625]","[0.0, 0.0]","[0.0, 0.0]","[690.351318359375, 631.7059936523438]","[643.8445434570312, 674.0067138671875]","[749.3446044921875, 687.3104248046875]","[669.28515625, 734.990966796875]","[0.0, 0.0]","[722.3040771484375, 739.2562866210938]","[936.267333984375, 724.6143188476562]","[906.4000854492188, 768.7197875976562]","[1129.794921875, 756.4178466796875]","[1128.0404052734375, 795.4850463867188]","[1344.13427734375, 802.4013671875]","[1346.622314453125, 849.091796875]"
123,"[617.259033203125, 579.1800537109375]","[627.5346069335938, 559.0689086914062]","[594.9844360351562, 576.515625]","[650.9063110351562, 573.4435424804688]","[581.49169921875, 611.0834350585938]","[673.0767822265625, 634.00537109375]","[642.3748168945312, 680.9557495117188]","[752.9049072265625, 705.444091796875]","[676.1453857421875, 765.4849853515625]","[763.4631958007812, 747.7714233398438]","[730.0150756835938, 761.9100952148438]","[890.9879150390625, 730.415771484375]","[870.555419921875, 776.8233642578125]","[1095.8931884765625, 743.2613525390625]","[1115.85595703125, 790.5823974609375]","[1377.903076171875, 792.384033203125]","[1374.2283935546875, 851.5035400390625]"
124,"[620.006103515625, 585.6802978515625]","[631.1720581054688, 564.2468872070312]","[596.9075317382812, 583.6024169921875]","[654.5660400390625, 575.7838745117188]","[582.984375, 618.547607421875]","[675.38623046875, 632.6148681640625]","[640.5855712890625, 687.4312744140625]","[768.1616821289062, 695.1072998046875]","[678.6629028320312, 766.994384765625]","[779.3574829101562, 747.9447021484375]","[735.4317626953125, 774.0756225585938]","[880.9227905273438, 730.3251342773438]","[858.7752685546875, 778.7250366210938]","[1071.476806640625, 736.1412353515625]","[1092.07421875, 786.3436279296875]","[1381.356689453125, 784.2225341796875]","[1382.89599609375, 847.084716796875]"
125,"[609.3180541992188, 592.5028076171875]","[619.6093139648438, 573.9346923828125]","[594.267578125, 589.2020263671875]","[640.935546875, 583.5731201171875]","[591.9176025390625, 615.7686767578125]","[662.4872436523438, 637.581787109375]","[636.44189453125, 677.4066162109375]","[753.06689453125, 703.0338134765625]","[674.47802734375, 755.1319580078125]","[781.2626953125, 753.684814453125]","[747.3721313476562, 779.4178466796875]","[861.3701171875, 730.2659301757812]","[843.8016357421875, 773.693115234375]","[1067.4439697265625, 746.636962890625]","[1087.7154541015625, 790.258544921875]","[1387.2330322265625, 796.2447509765625]","[1390.5853271484375, 851.9697875976562]"
126,"[600.9793701171875, 604.9659423828125]","[608.3015747070312, 589.657470703125]","[0.0, 0.0]","[621.0321044921875, 595.6000366210938]","[599.06787109375, 618.4082641601562]","[639.3513793945312, 639.9068603515625]","[629.2761840820312, 668.0663452148438]","[727.9075927734375, 704.0052490234375]","[661.6463012695312, 740.9298095703125]","[771.3645629882812, 762.7706298828125]","[744.0401611328125, 783.447509765625]","[842.2822265625, 728.4718627929688]","[833.41845703125, 768.7611083984375]","[1061.59765625, 749.7258911132812]","[1086.4781494140625, 787.559814453125]","[1386.183349609375, 800.159423828125]","[1391.31103515625, 845.05224609375]"
127,"[0.0, 0.0]","[0.0, 0.0]","[0.0, 0.0]","[0.0, 0.0]","[0.0, 0.0]","[643.265625, 665.8522338867188]","[640.314208984375, 668.4310302734375]","[692.7816162109375, 729.353271484375]","[661.942626953125, 734.750732421875]","[780.4501953125, 783.6172485351562]","[777.8574829101562, 787.4514770507812]","[861.3424072265625, 703.5289306640625]","[856.3771362304688, 736.6898803710938]","[1128.581298828125, 755.413818359375]","[1134.3358154296875, 778.42431640625]","[1413.55126953125, 798.94384765625]","[1417.308349609375, 824.95166015625]"
128,"[0.0, 0.0]","[0.0, 0.0]","[0.0, 0.0]","[619.1495971679688, 645.47265625]","[0.0, 0.0]","[615.9232177734375, 662.243408203125]","[651.8052368164062, 690.2225341796875]","[686.3780517578125, 729.40771484375]","[672.91357421875, 762.4107055664062]","[728.99658203125, 805.3277587890625]","[728.198974609375, 803.5042724609375]","[816.3995361328125, 737.996826171875]","[835.7977294921875, 778.336181640625]","[1043.923828125, 753.2444458007812]","[1076.57275390625, 790.2818603515625]","[1378.543212890625, 808.635986328125]","[1386.842529296875, 840.5172729492188]"
129,"[0.0, 0.0]","[0.0, 0.0]","[0.0, 0.0]","[617.3031616210938, 626.158935546875]","[0.0, 0.0]","[625.328125, 649.6526489257812]","[644.4634399414062, 679.32275390625]","[698.1217041015625, 715.7974853515625]","[677.224853515625, 751.7774047851562]","[717.8480224609375, 779.1622924804688]","[717.123291015625, 796.9398193359375]","[815.163330078125, 735.2755737304688]","[823.172607421875, 773.5988159179688]","[1040.241455078125, 751.393798828125]","[1068.1824951171875, 786.0785522460938]","[1392.0230712890625, 805.45703125]","[1397.2564697265625, 843.252685546875]"
130,"[0.0, 0.0]","[0.0, 0.0]","[0.0, 0.0]","[615.9298095703125, 618.726318359375]","[0.0, 0.0]","[633.9299926757812, 654.3267211914062]","[630.8014526367188, 665.2849731445312]","[682.7620849609375, 716.2772216796875]","[625.4134521484375, 731.960205078125]","[716.16455078125, 774.78662109375]","[705.6246337890625, 805.7103271484375]","[839.8668212890625, 733.1842041015625]","[836.5048828125, 765.9249267578125]","[1053.0706787109375, 759.8197631835938]","[1065.181884765625, 784.1419677734375]","[1367.2335205078125, 818.8001708984375]","[1375.3507080078125, 849.4053955078125]"
131,"[0.0, 0.0]","[0.0, 0.0]","[0.0, 0.0]","[612.428955078125, 616.1339111328125]","[0.0, 0.0]","[631.068115234375, 652.5159912109375]","[626.4395141601562, 661.9559936523438]","[682.6626586914062, 716.6495971679688]","[622.8778076171875, 729.838623046875]","[719.2799072265625, 771.09716796875]","[700.7908935546875, 805.5323486328125]","[834.76611328125, 738.8014526367188]","[830.6185913085938, 770.6932983398438]","[1047.366943359375, 765.5675048828125]","[1058.2236328125, 788.4094848632812]","[1361.7158203125, 822.5155029296875]","[1370.961181640625, 852.2237548828125]"
132,"[0.0, 0.0]","[0.0, 0.0]","[0.0, 0.0]","[0.0, 0.0]","[0.0, 0.0]","[614.9365234375, 653.5472412109375]","[621.5875854492188, 657.7808837890625]","[637.0279541015625, 719.0698852539062]","[616.1057739257812, 724.8312377929688]","[686.2084350585938, 806.13427734375]","[697.86474609375, 811.0197143554688]","[844.5045166015625, 724.8384399414062]","[843.96240234375, 757.3716430664062]","[1054.715087890625, 774.6238403320312]","[1069.159423828125, 789.6939697265625]","[1363.516845703125, 846.3147583007812]","[1366.412353515625, 843.7218017578125]"
133,"[0.0, 0.0]","[0.0, 0.0]","[0.0, 0.0]","[606.1712036132812, 618.7714233398438]","[0.0, 0.0]","[623.6633911132812, 653.5699462890625]","[618.0912475585938, 663.928466796875]","[672.1387329101562, 717.3690185546875]","[618.7798461914062, 728.356689453125]","[701.6959228515625, 780.9021606445312]","[681.347412109375, 813.122802734375]","[825.5223388671875, 740.360595703125]","[820.44775390625, 772.8724365234375]","[1040.2940673828125, 763.4744873046875]","[1049.3370361328125, 788.205810546875]","[1356.958984375, 827.18994140625]","[1368.0465087890625, 860.160400390625]"
134,"[0.0, 0.0]","[0.0, 0.0]","[0.0, 0.0]","[611.9039306640625, 621.0457763671875]","[0.0, 0.0]","[632.4212646484375, 656.5079345703125]","[620.80859375, 670.4287109375]","[682.6148681640625, 713.0747680664062]","[625.6978759765625, 730.463134765625]","[698.5501708984375, 772.896728515625]","[676.8255615234375, 812.5150146484375]","[830.6510009765625, 736.3072509765625]","[821.6839599609375, 768.8724975585938]","[1040.99462890625, 759.9347534179688]","[1048.750732421875, 784.563232421875]","[1362.8997802734375, 823.9364013671875]","[1373.3314208984375, 857.6099853515625]"
135,"[0.0, 0.0]","[0.0, 0.0]","[0.0, 0.0]","[611.9826049804688, 619.2984008789062]","[0.0, 0.0]","[638.8280029296875, 655.5185546875]","[622.5670776367188, 674.10009765625]","[694.85595703125, 710.9218139648438]","[630.33740234375, 734.1719970703125]","[700.5130004882812, 768.5657958984375]","[672.34716796875, 812.0255126953125]","[838.0929565429688, 734.9384765625]","[826.32373046875, 768.5712890625]","[1044.427001953125, 761.6046142578125]","[1050.8914794921875, 787.9183349609375]","[1368.385009765625, 821.6337890625]","[1378.003662109375, 858.4666748046875]"
136,"[0.0, 0.0]","[0.0, 0.0]","[0.0, 0.0]","[610.8190307617188, 620.2628784179688]","[0.0, 0.0]","[638.7987670898438, 658.1224975585938]","[627.0506591796875, 675.6739501953125]","[692.887939453125, 714.9103393554688]","[630.66162109375, 735.691162109375]","[700.8594970703125, 772.489013671875]","[671.0089111328125, 811.517333984375]","[846.6630859375, 733.808349609375]","[837.938720703125, 767.2516479492188]","[1049.1068115234375, 762.2081909179688]","[1057.20703125, 788.2216796875]","[1374.1937255859375, 819.0181274414062]","[1381.8155517578125, 855.4029541015625]"
137,"[0.0, 0.0]","[0.0, 0.0]","[0.0, 0.0]","[611.14501953125, 620.8347778320312]","[0.0, 0.0]","[639.18408203125, 658.640380859375]","[629.038330078125, 679.6563720703125]","[697.9579467773438, 715.0077514648438]","[633.3218383789062, 741.8303833007812]","[704.08447265625, 772.64697265625]","[672.2777099609375, 813.0550537109375]","[848.7584838867188, 729.1583862304688]","[841.3582763671875, 763.77880859375]","[1051.331787109375, 760.4943237304688]","[1062.486083984375, 787.885986328125]","[1371.86376953125, 812.7940063476562]","[1376.88427734375, 850.2818603515625]"
138,"[0.0, 0.0]","[0.0, 0.0]","[0.0, 0.0]","[609.2667846679688, 610.260986328125]","[0.0, 0.0]","[626.655517578125, 647.5051879882812]","[623.9276123046875, 681.2574462890625]","[688.0479736328125, 720.8663330078125]","[637.221923828125, 764.986083984375]","[692.569580078125, 782.31005859375]","[679.3020629882812, 817.866943359375]","[829.8773193359375, 740.7943115234375]","[823.5703125, 781.3809814453125]","[1041.3909912109375, 746.337646484375]","[1066.447509765625, 783.9566650390625]","[1392.384033203125, 804.1402587890625]","[1392.950439453125, 848.8680419921875]"
139,"[0.0, 0.0]","[0.0, 0.0]","[0.0, 0.0]","[611.4185791015625, 611.6838989257812]","[0.0, 0.0]","[628.9541015625, 648.416259765625]","[622.2001342773438, 683.6102294921875]","[691.6455078125, 718.7130126953125]","[638.6681518554688, 765.3704223632812]","[692.72607421875, 775.7195434570312]","[679.1231689453125, 816.861328125]","[820.7470703125, 742.3955078125]","[811.9118041992188, 782.8595581054688]","[1034.2681884765625, 746.394287109375]","[1056.37890625, 784.55078125]","[1391.6455078125, 803.8031616210938]","[1391.98779296875, 851.213134765625]"
140,"[0.0, 0.0]","[0.0, 0.0]","[0.0, 0.0]","[603.2120971679688, 611.7852172851562]","[0.0, 0.0]","[619.4746704101562, 648.5848999023438]","[620.5061645507812, 680.84716796875]","[681.9537963867188, 720.4002685546875]","[636.5039672851562, 761.8765869140625]","[694.4434814453125, 775.9041748046875]","[681.4143676757812, 812.2542114257812]","[818.73388671875, 745.2474365234375]","[814.433349609375, 785.87060546875]","[1041.1195068359375, 748.070068359375]","[1065.3758544921875, 785.8411865234375]","[1393.9649658203125, 807.163818359375]","[1395.82373046875, 853.1017456054688]"
141,"[0.0, 0.0]","[0.0, 0.0]","[0.0, 0.0]","[601.8346557617188, 612.4622802734375]","[0.0, 0.0]","[619.962646484375, 650.0809936523438]","[618.0801391601562, 681.9090576171875]","[682.7579956054688, 721.3736572265625]","[634.6715698242188, 763.668701171875]","[695.6669921875, 775.4154052734375]","[681.147705078125, 816.104248046875]","[821.4854736328125, 746.4907836914062]","[815.33349609375, 787.216796875]","[1045.9803466796875, 747.7115478515625]","[1068.2083740234375, 785.1883544921875]","[1390.9793701171875, 807.4931030273438]","[1394.0137939453125, 852.5599365234375]"
142,"[0.0, 0.0]","[0.0, 0.0]","[0.0, 0.0]","[600.204833984375, 612.229248046875]","[0.0, 0.0]","[619.7896728515625, 648.2018432617188]","[616.61669921875, 680.3729858398438]","[684.6009521484375, 719.6296997070312]","[632.9403076171875, 763.6492919921875]","[697.6115112304688, 777.243896484375]","[680.6195068359375, 819.5216064453125]","[824.31884765625, 743.5777587890625]","[817.1810302734375, 784.7384033203125]","[1051.4342041015625, 748.0198974609375]","[1073.4989013671875, 785.5563354492188]","[1390.0472412109375, 807.53564453125]","[1392.92138671875, 850.9447021484375]"
143,"[0.0, 0.0]","[0.0, 0.0]","[0.0, 0.0]","[600.8895874023438, 610.363525390625]","[0.0, 0.0]","[619.4408569335938, 647.1680908203125]","[616.5939331054688, 680.2081298828125]","[683.24169921875, 718.8411254882812]","[631.779052734375, 763.6942138671875]","[697.44775390625, 775.84033203125]","[680.5765380859375, 819.58544921875]","[822.5667724609375, 745.3650512695312]","[815.83349609375, 786.6829833984375]","[1046.17919921875, 747.764892578125]","[1069.275634765625, 785.7791748046875]","[1391.12255859375, 806.9215087890625]","[1394.08154296875, 852.1129150390625]"
144,"[0.0, 0.0]","[0.0, 0.0]","[0.0, 0.0]","[603.553955078125, 609.3965454101562]","[0.0, 0.0]","[622.3699340820312, 646.2327270507812]","[617.1402587890625, 681.2249145507812]","[687.9888305664062, 717.6258544921875]","[633.2753295898438, 765.75244140625]","[699.0587768554688, 775.1942138671875]","[679.8699951171875, 820.9156494140625]","[820.3343505859375, 743.70654296875]","[812.425048828125, 785.3287353515625]","[1042.787109375, 746.8070068359375]","[1064.6697998046875, 785.635986328125]","[1389.631591796875, 804.9287109375]","[1392.291259765625, 851.263916015625]"
145,"[0.0, 0.0]","[0.0, 0.0]","[0.0, 0.0]","[604.0022583007812, 611.100341796875]","[0.0, 0.0]","[624.5820922851562, 647.948486328125]","[620.1337890625, 683.4978637695312]","[690.1434326171875, 720.933837890625]","[637.3956298828125, 770.0443725585938]","[699.4282836914062, 783.517578125]","[682.678466796875, 826.0699462890625]","[829.4866943359375, 741.4818115234375]","[821.95703125, 783.3599853515625]","[1049.2178955078125, 747.902587890625]","[1072.245849609375, 787.0567626953125]","[1390.4058837890625, 804.1187744140625]","[1393.359619140625, 849.1583251953125]"
146,"[0.0, 0.0]","[0.0, 0.0]","[0.0, 0.0]","[605.0257568359375, 609.9237060546875]","[0.0, 0.0]","[625.1666259765625, 646.885009765625]","[617.8784790039062, 682.8442993164062]","[691.6146240234375, 720.4083251953125]","[634.0509033203125, 769.0076904296875]","[700.2803955078125, 784.4390869140625]","[682.4022216796875, 827.7864990234375]","[826.875244140625, 744.4654541015625]","[817.4998779296875, 786.4927368164062]","[1045.9560546875, 747.37255859375]","[1068.2879638671875, 786.7461547851562]","[1390.2403564453125, 804.5723876953125]","[1393.399658203125, 851.0662841796875]"
147,"[0.0, 0.0]","[0.0, 0.0]","[0.0, 0.0]","[605.6654052734375, 610.438232421875]","[0.0, 0.0]","[624.89111328125, 646.7294921875]","[616.451171875, 681.6929931640625]","[691.61328125, 718.529052734375]","[632.6046142578125, 766.412841796875]","[699.298583984375, 778.96728515625]","[679.5950927734375, 824.8675537109375]","[819.8807373046875, 744.3378295898438]","[809.7276611328125, 785.5219116210938]","[1039.8173828125, 745.730712890625]","[1060.4609375, 783.8629760742188]","[1387.435546875, 805.119140625]","[1389.5986328125, 850.4659423828125]"
148,"[0.0, 0.0]","[0.0, 0.0]","[0.0, 0.0]","[603.9232177734375, 611.1846923828125]","[0.0, 0.0]","[623.7137451171875, 647.125732421875]","[618.445068359375, 681.85595703125]","[693.5147705078125, 719.0123901367188]","[637.1532592773438, 766.963623046875]","[702.299560546875, 780.2243041992188]","[679.8455200195312, 824.0904541015625]","[822.1532592773438, 743.8657836914062]","[814.131591796875, 785.0044555664062]","[1044.2132568359375, 746.953857421875]","[1066.448974609375, 784.5155639648438]","[1388.0120849609375, 807.7950439453125]","[1391.2548828125, 850.9927368164062]"
149,"[0.0, 0.0]","[0.0, 0.0]","[0.0, 0.0]","[613.1640014648438, 612.20849609375]","[0.0, 0.0]","[637.3468017578125, 645.4637451171875]","[624.2147827148438, 678.282470703125]","[695.5430908203125, 714.3045654296875]","[644.4098510742188, 761.3826904296875]","[691.26171875, 797.0989990234375]","[698.9490966796875, 826.318359375]","[841.821533203125, 733.6287841796875]","[828.939208984375, 772.7115478515625]","[1048.0003662109375, 751.048583984375]","[1067.1048583984375, 784.1244506835938]","[1380.2244873046875, 819.8193359375]","[1382.30908203125, 855.2098388671875]"
150,"[0.0, 0.0]","[0.0, 0.0]","[0.0, 0.0]","[610.3980712890625, 618.5381469726562]","[0.0, 0.0]","[631.8211059570312, 657.828369140625]","[638.7078857421875, 685.8080444335938]","[683.4930419921875, 709.6982421875]","[640.8092041015625, 750.655517578125]","[703.2066650390625, 759.388671875]","[684.9158935546875, 813.3548583984375]","[844.23388671875, 730.8360595703125]","[848.621337890625, 766.7144165039062]","[1014.1646118164062, 758.1744384765625]","[1034.177734375, 787.6688232421875]","[1358.0556640625, 800.385009765625]","[1369.000732421875, 837.995361328125]"
151,"[0.0, 0.0]","[0.0, 0.0]","[0.0, 0.0]","[615.791259765625, 612.0646362304688]","[0.0, 0.0]","[656.5823974609375, 634.661865234375]","[623.5237426757812, 683.3438720703125]","[793.4338989257812, 681.65625]","[655.7523803710938, 767.2044067382812]","[836.4168090820312, 715.0968627929688]","[696.9127197265625, 836.0560302734375]","[862.467041015625, 724.3306884765625]","[840.5674438476562, 767.0297241210938]","[1026.50537109375, 754.4124755859375]","[1048.784912109375, 785.808837890625]","[1386.2943115234375, 813.3516845703125]","[1388.559814453125, 848.9710693359375]"
152,"[0.0, 0.0]","[0.0, 0.0]","[0.0, 0.0]","[627.1254272460938, 610.2298583984375]","[0.0, 0.0]","[669.37939453125, 629.5106201171875]","[625.0902099609375, 683.8928833007812]","[807.5701904296875, 665.3875732421875]","[656.8935546875, 762.7789306640625]","[859.079345703125, 703.624755859375]","[700.3518676757812, 832.5457763671875]","[859.7777709960938, 725.8837280273438]","[830.90478515625, 771.103759765625]","[1038.080810546875, 750.0870361328125]","[1053.92236328125, 786.72314453125]","[1389.527099609375, 814.0805053710938]","[1394.0760498046875, 854.5078125]"
153,"[0.0, 0.0]","[0.0, 0.0]","[0.0, 0.0]","[627.6095581054688, 610.4219360351562]","[0.0, 0.0]","[657.7197875976562, 636.9534912109375]","[628.510498046875, 677.4596557617188]","[737.061279296875, 698.9371337890625]","[649.4471435546875, 764.0313720703125]","[728.593017578125, 774.458251953125]","[695.132568359375, 837.3989868164062]","[843.87890625, 735.8665771484375]","[821.0438232421875, 776.0850219726562]","[1042.229248046875, 754.1646728515625]","[1052.6759033203125, 786.6849975585938]","[1395.870849609375, 819.7633666992188]","[1397.075927734375, 852.7242431640625]"
154,"[589.0270385742188, 627.6455688476562]","[598.2862548828125, 611.50537109375]","[0.0, 0.0]","[623.4675903320312, 616.219970703125]","[595.4661865234375, 644.22705078125]","[668.0509033203125, 644.42138671875]","[622.2818603515625, 699.0770263671875]","[784.7640380859375, 662.7986450195312]","[647.141845703125, 782.4494018554688]","[827.1384887695312, 656.711181640625]","[692.0507202148438, 827.017822265625]","[869.299072265625, 730.4229736328125]","[838.272216796875, 776.770263671875]","[1062.329833984375, 747.537841796875]","[1069.079833984375, 783.57861328125]","[1392.044921875, 813.6688842773438]","[1391.878662109375, 850.4776611328125]"
155,"[594.0582275390625, 628.370849609375]","[603.1224365234375, 612.02587890625]","[582.9043579101562, 625.57080078125]","[628.8674926757812, 617.2073974609375]","[588.9949951171875, 647.5233154296875]","[676.6403198242188, 643.96337890625]","[623.0264892578125, 706.34130859375]","[808.4024658203125, 636.8344116210938]","[648.51611328125, 785.63427734375]","[856.5325927734375, 603.241455078125]","[690.8665771484375, 830.4093017578125]","[884.818359375, 729.8106079101562]","[849.779052734375, 779.4632568359375]","[1085.676025390625, 756.1197509765625]","[1092.748779296875, 793.2093505859375]","[1397.3140869140625, 808.5426635742188]","[1396.896728515625, 847.298828125]"
156,"[588.2323608398438, 638.0966796875]","[0.0, 0.0]","[0.0, 0.0]","[620.0700073242188, 606.1978149414062]","[0.0, 0.0]","[638.677978515625, 630.8135375976562]","[628.1109008789062, 670.5989990234375]","[693.6251831054688, 698.6666259765625]","[649.0164794921875, 757.2132568359375]","[667.3294677734375, 787.3917846679688]","[686.3468017578125, 830.2913818359375]","[830.4725341796875, 724.7313232421875]","[817.895751953125, 764.2970581054688]","[1026.561767578125, 758.595947265625]","[1046.6424560546875, 791.577392578125]","[1392.109375, 812.7533569335938]","[1388.7041015625, 848.977783203125]"
157,"[604.2536010742188, 638.0355224609375]","[610.9683227539062, 619.5469360351562]","[0.0, 0.0]","[629.773193359375, 611.859130859375]","[603.7456665039062, 648.5304565429688]","[659.685546875, 625.3571166992188]","[619.7379150390625, 691.1390380859375]","[763.2091064453125, 621.6366577148438]","[635.25927734375, 773.822021484375]","[762.2064208984375, 582.949462890625]","[671.5125732421875, 836.25048828125]","[829.855712890625, 724.5899658203125]","[802.1643676757812, 775.6477661132812]","[1032.4697265625, 750.849609375]","[1039.185302734375, 791.92578125]","[1399.9830322265625, 800.022216796875]","[1398.6129150390625, 850.275390625]"
158,"[603.0718383789062, 638.59326171875]","[0.0, 0.0]","[0.0, 0.0]","[633.707275390625, 609.26611328125]","[0.0, 0.0]","[670.4288330078125, 624.8128662109375]","[616.765869140625, 679.2896118164062]","[763.7833251953125, 644.6589965820312]","[641.8065795898438, 767.28515625]","[728.1036987304688, 653.7437133789062]","[692.061279296875, 836.1425170898438]","[830.63671875, 725.9750366210938]","[792.6251220703125, 771.300537109375]","[1050.080322265625, 752.6768188476562]","[1046.0382080078125, 787.320068359375]","[1394.9931640625, 812.623046875]","[1389.96875, 853.3287353515625]"
159,"[0.0, 0.0]","[0.0, 0.0]","[0.0, 0.0]","[0.0, 0.0]","[0.0, 0.0]","[694.3108520507812, 593.4554443359375]","[613.4420776367188, 633.9534301757812]","[802.1441650390625, 601.9034423828125]","[619.560546875, 717.3782348632812]","[750.1893310546875, 596.9188232421875]","[693.7569580078125, 816.5740966796875]","[807.977783203125, 708.5187377929688]","[757.53955078125, 747.0741577148438]","[1020.514892578125, 767.1721801757812]","[1012.161376953125, 785.3590087890625]","[1386.056396484375, 836.619384765625]","[1389.920654296875, 860.7044677734375]"
